review,label
داسيا فقدت أهم ميزة كانت تميزها وهي السعر للأسف !,negative
لاأظنها ستنجح كالنسخ الأولى,negative
Khas ykon tghyir mbanch li lfar9 rir fa dizayn lkrasa mikanik tablo fih dak lblstik lmryat 3lach mdyrinch lhm daw volm mzl kif mahwa jwant kifma howa fin kyn lfr9 fdizyn ama ljiti tchof mkynch fra9 fra9 howa y9riban 40% mli kt9ol l3mrya hdi bnsba li ana nas 3morya ama l3morya kolchi daw mzl khsha whd 10 ans wnchofo ana knfdl dacia l9dima,negative
هناك اختيارات أحسن وماركات عالميه أجود من داصيا.,negative
غالية بزاف..مكاينش شي تغيير ..غير غايتها. هداك هو التغيير لي درتوه..خليوها عندكم,negative
"الخوت متشريوهاش دابا راه ولات غالية 
وخصوصاً اصحاب الكريدي راه نسبة الفائدة مرتفعة",negative
غالية بزاف. هادي جهدها 13 مليون لا أكثر.,negative
هاد الأسعار غالية عليها ،كاين ماحسن و بمراحل,negative
كل شيء جميل في هذه السيارة الجميلة إﻻ الجودة واﻹتقان؟,negative
غاااالية وماصالحة لوالو ممكن تاخد سيارة يابانية وتخدم بيها 40 عام بلا مشاكل,negative
غالية  بزاف,negative
شرا واحد دابا لوغان بريستيج تقامت عليه كاملة ب17 ونص مليون 😁 فورميكا كثرت زواق بحال إلى غتسكن فيها ناقصها غير طواليط والويفي,negative
Fiat Tipo sedan ahsen menha b 21 millions,negative
عجلات الخلفية صغااااار مقارنة لطموبيل مهزوزة و مشاداش الأرض... سطابيليزاسو و ماشي فيابل و بلا ميرقابح،معايا شي حد,negative
داسيا مزال مطورت الامان مزال مدارو ديسك فران عجلات خلفية,negative
التغيير الوحيد لوكو علاش هاذ الثمن!!!!,negative
واش بصاح فيها مشكل استهلاك الزيت,neutral
داصيا مشات بعيد في التمان لا غير,negative
من عندي ماتستاهلش هاد الثمن,negative
لا علاقة,negative
Lhal jowa t3ri 3la ktafk otchri lfraka olbstiliya,neutral
احسن حاجة تصبني بيها هما الكبسولات ديال اريال غزاليين ماكينش بحالهم جربي غير وحدة وردي عليا الاخبار راه تيتباعو ديطاي ب 3 دراهم للوحدة عند مالين مواد التنظيف,positive
ديري تيد في ساشي تاع خضرة وحزمها وليحها وسط لحويج,neutral
اختي التيد ديال بيم كيدير هكاك مازوينش,negative
اريل احسن,positive
Omomatic zwin kaykhli hâta riha zwin fi hwayj,positive
L7wayj lbaydin makaysla7 lihom rir aryil ama lwan nas7k b flota makaykchfch l7wayj okay5arj mzn howa likandi ola kan lbyad kanzid m3ah javel,neutral
اومو واعر,positive
واش ليكيد ولا بودر انا كندير ليك طوب ريخة و نقاوة و مكتينش هدشي لي قلتي,neutral
Omo matin makichefchi hewayej kohal,negative
راه زوينين بجوج,positive
كنستعمل هادا ليكيد أحسن .,positive
أريال زوين وحتا لفلتر إلى كان عامر وفيه الريحة,positive
Abc واعر,positive
خودي ariel ponds -ولا maxi´s maison حتى هو زوين,positive
إشتري abd من بيم صراحة تيد مزيان عندهمكاين ديما كناخدو,positive
البنات بنتي شي شهراين دبا او هيا طايبة ماخليت مادرت ليها او والو او مسيكينة تاتحك ليرعارفة شي حاجا تقولها ليا الله احفظكوم,neutral
Akhti khyb,negative
أختي واش زوين واقتصادي,neutral
كاين يلاه جبت باكية لبنتي شوفي ش بيم اخر ش مرات كيسالي ليهم,positive
Mojod à kheti Howa li kandir lbenti,positive
Ouiiii moujoud ana f Marrakech Dima kanl9ah,positive
و راه زايد فبيم على لحانوت,negative
اريال لي تينقي ما تبقا غير زواق,positive
bhal Ariel wla omo homa li top,positive
Sarah dart 3lihom kamlin hta had floata fih Riha zwina walayni lhwayj lmoskhin makaykharach makaynach,negative
فلوطا الأزرق غزال,positive
واعر مكيخليش الطبايع,positive
khty howa zwin kayn9i mzn walakin mjhd bzf rihto likhayba,neutral
Oui bhal lmaa okay hayed Mali rqchitih L9ayti feh chi riha mjhda ??,neutral
La howa majhad kayhayad kolshi zwin,positive
Lach kayslah,neutral
حتى أنا ليوم عاد خديتو وباقي مجربتو,neutral
اول مرة استعملتو مرضني ضرني ف عينيا وايديا جاتني فحال الكزيمة كنبقى نحك وعينيا مكنتش كنعس بالحريق خديت جوج تقاطر وما وليت لباس حتا مشيت لطبيب الأخوات لي عندهم حساسية ردو بالكم منو,negative
Bl3eks Zwin kayhayed tbye3 dial tiyab w bouta wkolchi,positive
بحال الماء ولكن ريحتو كتخنق,negative
الا كان لبوطة انا جاني abc حسن منو,negative
كترشيه و تخليه بالعكس زوين مكيخلي تا طبعة,positive
لا ختي تترشيه تخليه شوية تحيد كعا طبايع,positive
بالعكس هو مجهد وزين هو لي تنستعمل,positive
خليه شوية على الطبيع ومسحي بشيفون فازك,neutral
هو ريحتو مجهدة,negative
حتى انا لقيتو فحال الماء,positive
مغشوش,negative
خودي ديال 17dh ماشي ديال 13dh را فيه جوج أنواع,neutral
الا مصورو ليك حتى واحد حتى الغدا ونصورو ليك ختي أنا بعدا تيطيب ليا يديا,negative
مبقاش زوين كااااان,negative
Mohim howa rahe ri7to mjahda katkhna9 ila ma chamiti walo raki t9olbti,negative
حتى انا خذيت لقيتو زيرو ماحيد لي والو,negative
حركي القرعه عاد رشي,neutral
رسيه وخليه شويا عاد بداي تمسحي ، تينقي مزيان,positive
زوين بزاف وفعال احسن برودوي بالنسبه ليا رشيه خليه شوي وحكي البلاصه لي رشيتيها,positive
كترشيه و تخليه واحد شوية عاد تكحيه ماتمسحيهش ديريكت.,neutral
في ريحة مجهدة بزاااف إلى داز مع الحلق خطير امل واحد المرة رشيتو وداز ليا مع الحلق كنت غانموت .,negative
ف اللون فحالو و لكن فيه ريحة مجهدة و ملي كترشيه كيرغوي شويا,negative
ألو الكري هو اللي زوين ماشي اللي لونو ابيض كترشيه وتخليه دقايق يفي بالغرض,positive
راه كانين فيه جوج ،واحد مجهد و واحد خفيف,neutral
كلشي غزال الله يسر الأمور,positive
Waw machalah 3lik 👍,positive
فالحقيقة كاع اللوينات غزالين الله يجيب لك التيسير,positive
موديلات زوينين,positive
ماشاء الله الله يكمل عليك بالخير,positive
كلشي زوين الله يسهل عليك,positive
Tbarkallah 3lik ya le choix,positive
Top,positive
Macha'allah 3lik habibti koulchi rouzal👍👍👍👍👍❤,positive
Tbarkllah fenin.ana kay3jbni loun li labsa jak kay7me9,positive
تبارك الله على مريم. السلعة زوينة و التعامل 👍,positive
فعلا فولارات أنيقة ديال الذوق الرفيع كيف عودتينا اختي كريمة,positive
تبارك الله عليك اخت مريم فلار غزال و الثمن غزال,positive
ماشاء راكم غزالات بزوج مولات المحل الله يسخر ليك عجبني المحل وبغيت نجي عندك,positive
خديت من عندها لبسة البحر طوب حتى هي ظريفة تبارك الله عليكم,positive
كنت كنفكر منين غادي ناخد فولار للعيد غانجي عندك تبارك الله فولارات فنين شكرا اختي كريمة,positive
Tbarkal 3likom sl3a zwina atmina monasiba,positive
ماشاءالله الذوق الرفيع,positive
صراحة مريم دوق رفيع متوحليش في فولار كلشي طوب معاملة غزالة اللهم يسر,positive
الصراحة فولارات روعة وحتى مريم ضريفة فايتة مقضية من عندها المعاملة زوينة ان شاء الله نتقضى من عندها هاد الايام,positive
تبارك الله عليك كولشي زوين,positive
صراحة مريم الدوق رفيع❤,positive
Chi haja waaaw surtout شعيبية طلال 😍,positive
مريم سطور الاناقة والشياكة .الفولارات عندها جد مميزة بحكم معاملتي  معها.,positive
Habibati ana ghadi nji 3andek inchaalah,positive
مرحبا بيكم جميعا عندنا فالمحل ❤,positive
Slm akhti wach 3nda lksawi dyl lkhimar,neutral
Salam khti ana kant9da 3and maryam dwa9a o lmo3amala man dak chi siro 3andha darori tl9aw folar li Brayto 3ziza 3liya maryama,positive
Karima khti allah ishl 3lik bghina mahl ikokn kay livrer ksiwat bnat men daw9ak rfi3 mhtajinou,positive
Wach kadiri  livraison flmaghrib okharij lmaghrib,neutral
ناري ياختي تفقصت دبا جيت عندكم البارح بغيت شال فالغوج بغيك لكن مالقيتكش نتي لقيت واحد البنت عطاتني غير داك الكريب مكنحملووووش قلتيها ختي شي ماركة زوينة هادا راه كيزلق وكيضرني فودني قاتلي صبري معاه شفت حتى عييت وخفت لا منعاودش لقا ديك اللون وخديتو دبا تبارك الله الخير بانلي موجود ها الحرير ها الخيط ماعرفت داك البنت اش بغات عندي,negative
كلشي راااائع جدا الأناقة والخياطة تتبان متقونة الله يعطيك الصحة تنتمنى ليك مزيد من التألق والابداع,positive
مافي أحلى وأجمل من جلابة المغربية روعة,positive
اكتبي الثمن في عنوان الفيديو فعلا ماشاء الله الله يعطي للحرفيات  الصحة,positive
ماشاء الله 😍😍😍,positive
الذوق الرفيع مشاء الله,positive
جميع جليلبات روعة الله يعطي الصحة الصانعين الذين يعملون باتقان,positive
تبارك الله عليك دائما و العادة اختباراتك للموديلات غزااااالين . و هذه بوسة مني ليك كشكر على تقديمك 🥰🥰 . رمضان مبارك,positive
تبارك الله عليك الله يكمل عليك بالخير يارب 🤲,positive
راااااوووووعة❤❤❤❤,positive
ماشاءالله  عليك  كلشي  طوب❤,positive
تبارك الله ما شاءالله هذا الجلاليب واعربن,positive
جليلبات روعة الله يعطيك الصحة,positive
ماشاء الله الابداع,positive
ماشاءالله تبارك كلهم زوينين الله يحفظك يارب 🥰🥰🥰🥰,positive
جميل 🍀🙋‍♀️👏🥰,positive
جلابيات كيحمقو ماشاء الله,positive
جلابة  المغربية  عند ألمغاربة  الاصول   يعرفوها  الا المغاربة 🇲🇦🇲🇦🇲🇦🇲🇦👑,positive
تبارك الله عليك، هادشي رائع,positive
ما شاء الله روووعة,positive
موديلات رائعة مشاء الله تبارك الله بتوفيق,positive
كلشي زوين واتمنة مناسبة كلشي يلبس,positive
هادشي غزال موديلات رائعة ماشاء الله,positive
الأثمنة ماشي في متناول الجميع صراحة سلعة غالية.عندنا في تطوان أحذية وصنادل ماركة اسبانيا وديال الجلد الا غلاو ثمنهم 250,negative
كولشي غزال بتوفيق إنشاء الله,positive
ديما الجديد برافو برافو ❤❤,positive
صنيدلات زوينين ولكن فين غالقاو هاذ لفلوس باش نجريوهم يلا كنقدرو نجيبو شوية دالكل باش نعمرو الكرش كلشي غالي,negative
اثمنة خيالية,negative
واااااوووووووو صنيدلات تع 199dh وااااعرين لي فيهم لوينات زوينين👍🏻👍🏻👍🏻👍🏻👍🏻👍🏻👍🏻👍🏻,positive
الغلا بزاااااااف,negative
هذاك النوع اختي تيسحق لكدام ويصيبها بالتشققات الله يخليها ماركة شريتها وندمت.,negative
هدو هوما هميزات لالا اختي هدشي ره غالي هههه مشفت ما هميزات,negative
حيتان غالين وماشي شي حاجة,negative
أشمن هميزات ظحكا على وقت ماكان غير 299dh واش هذا في المتناول ناس دراوش ما تفوتيلهومش 50dh  هاذك هي لهميزا بنسبة لناس,negative
موديلات رائعه ❤❤❤❤,positive
مروة دائما حويجها غزالين تبارك الله عليك ❤👍👍👍👍👍🌹🌹🌹,positive
كلشي غزال مشاء الله جولة غزالة,positive
كولشي غزال تبارك الله عليك دائما تتمتعينا بالجديد والعروض ❤,positive
ماشاء الله الفيديو كله جميل تخفيضات معقوله احسنتي,positive
عروض تجنن ماشاءالله,positive
بسم الله ماشاء الله عروض جميله جدا,positive
السلام عليكم ورحمة الله وبركاته ماشاءالله موديلات جميلة,positive
ماشاء الله تشكيلات روووعه يسلم ذوقك الراقى حبيبتى الغاليه,positive
احلى بصمه,positive
عارفه يا يقينو انا حابه اخرج معاكى مشوار مشتريات اكيد عندك زوق عالى❤,positive
بالتوفيق ان شاء الله ياحبيبتي ومن نجاح لنجاح دايما يارب العالمين,positive
ختي مكرهت تمشي لمرو نشوفو صولد لي كاين حاليا بالنسبة المتحجبات فساتين صايات او حتى قوامج طوال اي حاجة كتخص المتحجبة من غير سراول تجين,neutral
صراحة حوايجهم غاليين مع المقارنة مع الجودة مزال حوايج وليدات صغار والبيبي زوينين صبني ورد,negative
هاد السي وايكيكي بعد لمرات غكتجلط في الألوان اديما لحوايج ديال لكبار مكمشين،  شكرا لك على الجولة,negative
جميع المصممين يستعملوا نفس الثوب في كثير من المودلات و كتجي الكلكسيون زوينة و عندها قيمة,positive
ردا على شيوحدين اللي كيقولو باش يكون تنوع في الاختيار هو ملي يكون شي ثوب واعر في الجودة والالوان أنيقة موشي ثوب رخيص   ويبقاو يجلطو بيه السوق. والثمن طالع,negative
ردا على شيوحدين اللي كيقولو باش يكون تنوع في الاختيار هو ملي يكون شي ثوب واعر في الجودة والالوان أنيقة موشي ثوب رخيص   ويبقاو يجلطو بيه السوق. والثمن طالع,negative
Lichomize.zwinine.,positive
هادوك السراول لعراض كنت شريت منهم واحد ملي تصبن رجل طلعات على رجل واش فايت وقعات ليكم؟,negative
مكاين غير فصل وحط هههه,negative
مكاين غير فصل وحط هههه,negative
السي وايكيكي ديال المحمدية ناقص مافيهش هاد شي,negative
عنداك اصغعة  يكون  شي حاجة خطيرة تشوهي شي ماركة انا اختي غير خفت عليك مع دبا لي كيعاير شي حد كيدعيه او …,neutral
سبحان الله La. ولات غير كتخربق و الغلاء. .....السنين الماضية كان عندها البسة أنيقة تليق بالموظفات الآن غير كور واعطي هذا هو اللي خلانا نشريو من محلات أنيقة في المول. ...حتي الاثمنة تستاهل مشي النيلو و لكرا ابتداء من 200 درهم وملي مااشره حتي واحد اديروا تخفيض 100درهم,negative
احنا دابا مضاربين غي مع البصلة ومطيشة الله يرزقنا من فضله. شكرا اختي على الجولة,negative
بغيت نسول على ليبا و سروال أبيض مقاس 4 سنوات واش نلقاهم تماك,neutral
والله يلا نصيحة قبل العيد بشهر خودو لوليدات راه مشيت لقيت عاااامر واكثرية خداو نوامر صغار خصوصا صنيدلات وحتى السوق عامر ولغلا,neutral
ضروري زعما يديروا  الألوان السبعة؟,negative
هاداك جونسون انا تكلخت كنت خديتو او ماكنتش كانعرف ل طريقتو تا تسالا عاد عرفت كيفاش او بلي راه زوين 🙂💔,positive
Wach dak lmortiib zwwin bghit nakhdo omaz3mrch,neutral
Clen and clear no no,negative
Clean clear akhti katzrg o machi mortib hiya,negative
البنات أنا عندي بشرة جافة إليه ليا داك المرطب؟,neutral
تانا عندي ليسيغن بزاف,neutral
Clean nassi7a ghi bdliha b nivia caire hit clean katzrr9 lwjh knt kandirha sinin twiila ta 7ssit bwjhi 9rib imxi o 7ydtha,negative
بعدي من كلين تكليغ,negative
داك لمرطب معرفت فين نلقاه عندي لغسول ديالو,neutral
المرطب واعر ورخيص,positive
متبع هاد رمضان clean & clear زوين كيرطب و كريم hydratant غزال,positive
كاريني نشف ليا وجهي ونوض ليا حبيبات بزاف معجبنيش بقا غير محطوط,negative
غارنيه بلاش منو,negative
نيتروجينا مزيانين,positive
داك جيل نيطوايون ديال نوتروجينا لي مجرباه تقولينا كيجاها,neutral
ختي جربي gel nett ظيال ديال kaline خضر داير غير 80 درهم ومرطب ديال noreva Aquareva داير 125 درهم هي 200 منها طبية منها مضمونين فالبارا,positive
الصراحة مزيانين بجوج أنا خدامة فبارا داكشي علاش الناس اللي خداو هاد الجيل وبشرتهم غير مختلطة جاهوم مزياان متينشفش بزاف وكلشي شكرو,positive
Fadoua Ail واش يصلاح لبشرة ذهنية اختي,neutral
اه راه ديال البشرة الذهنية ولكن داك المرطب ديال noreva راه جوج كاين légère هو ديال البشرة الذهنية ماتشريش اللي riche,neutral
Hahowa le gel nett lyouma khedama hani sewerthom likom,neutral
Garnier خايب واياك تخديه,negative
هذاك المرطب نتاع نيتروجينا صغير سيمانة مايجيبهالكش,negative
Ana endi serum dial garnier vitamin c houa w crème du jour 3la chhal 3ad Kiban l’effet,negative
Dyal neutrogena zouin bezaf ead salithom kay3tiw wahed la fraicheur lwjeh khatiraa,positive
مكين ما احسن من lorial داكشي لاخر لاأظن,positive
خودي. ديفرين و اكخون و كريم مرطب,neutral
Khodi gel nettoyant dial yam and one o crème hydratante dial loreal zwina,positive
لبنات حشوها عليكم طلبتكم تعطيني شي روتين ولا غير سميتك بخوديوي ولاكن حتى حد ما كلف راسو يجاوب,neutral
نتروجينا ما فيهاش ايكخون,neutral
لمرطب ديال نوتروجينا جاني مزيان خفيف انا بشرتي ذهنية,positive
بلا متتزعمي تخدي غرنيي,negative
سيراف هو لي دار ليك الحبوب انا كنغسل بيه اليوم غدا لقى شي حبة جربتو شحال من مرة حتى تأكدت منو وحيدتو,negative
Hafsa Chaouki ااه هو الى قديت تصبري ليه تايخرج دك الحبوب كامل لتحت جلد عاد امكن اعالجو ولا انا منقدرش نشوف الحبوب فوجهي ونبقى نستعملو شكون قال ايحيدهم من بعد هههه,positive
L’oreal رجعي ليا وجهي كاع حبوب,negative
Khti bgiti thnay man lhbob olartras dozi 3ndi lkhas n3tik lhal wllh obgitk gi d3i m3ayaa,neutral
"Ana khdit un gel nettoyant dyal l'oréal saraha ghir 3la llah w sdaq zwin b 53dh ymkn mn jumia, atbqalk 150dh chri biha chi crème mzyana li tji m3a la peau dyalk",positive
Hajar Hammani ختي كيف دايرة بشرتك,neutral
dl’oreal kan eajebni bzzzzf,positive
Garnier blach akhti,negative
Dual l'oreal zwin tayrtb mzyan,positive
Hd sabona zwina bzzzf,positive
Dak lmortib d neutrogena ylh khdito w hsit b rasi t9olbt fh 🙂👋,negative
Neutrogena hoa o la crème top,positive
Ina wahd knti wakhdaa f cerave ?,neutral
Neutrogena mziwnin,positive
Garnier 3ndi lifih himaya dyal xams mazwinx bhala dayra tabaxir lwjhk mais l9itlih wahd l9alb tanfzg wjho wndiro,negative
granier de preference tb3di mno,negative
Neutrogena zwin o creme l’oreal hiya li kandire daba zwina mais khodi hasaab no3 lbchra dyalk,positive
Khty dak garnier o Neutrogena hi matkhdihomchi la plupart galo khaybin,negative
Neuterogena khayb Ana endi peau grasse khrej lia ela wjhi nweeed lia lhbub o kinchf bla qyaas,negative
Hydraboost gel nettoyant parfait pour la peaux seche jrbto khfif mkydirchbhsasya l3in zwin,positive
Neutrogena ahssena madert f wejhi kayne9i meayaan,positive
Neutrogena carcum a7saan wa7d takhli lwjah n9i wrtab,positive
L'oreal zwin 3ndi,positive
crème dyal Neutrogena kaychakroh bzaf yalah naweya ncherih,positive
3andi L'Oréal ma3jbatnich daret liya l7bob,negative
walk-in dak la crém dyal garnié kolchii kaygol khyb,negative
Lorial wa3ra hiya li3ndii ana bcharti mokhtalita netrojina crém zwiin tahiwa,positive
نتروجينا غاسول وافقني ✔,positive
"غارنييه غير زبل 🛇
مرطب دياله دار ليا لحبوب 🛇",negative
دابا متبعة معاه ديفرين وافقني,positive
جربتو دارليا الحبوب وجربت جيل نيطوايون نشفليا وجهي,negative
غارنييه لا غير غتخرجي على وجهك و لخرين معرفتش صراحة,negative
La creme dyal neutrogena zwina ila kant 3ndk la peau grasse,neutral
Ana Jessica non eandi peau mixte,neutral
7ta ana 3ndi peau mixte khdam liya mzian,positive
نصيحة ليك خودي هادا كيناسب جميع انواع البشرة و رخيص اتلقايه فمرجان,positive
Imane Znini je confirme ana ja m3aya bzaf,positive
حتا انا جربت بزاف كلهم كينوضو لي الكزيما من غير هاد,positive
هو غير غسول لا غسلتي وجهك صباح و عشية الحبوب كيبداو ينقصو,positive
تقدري تلقايه موهيم انا كناخدو من مرجان,neutral
انا بشرتي دهنية عارفة بلي ماشي مرطب ولكن ملي ستعملتو كل نهار دارلي لحبوب و دابا كنستعملها غير اذا حسيت بوجهي نشف,negative
ماشي مرطب هو مرمم للبشرة المتضررة و الا استخدمتوه بحال المرطب غادي يدير الحبوب خصوصا البشرة الدهنية و المختلطة,neutral
هدا ماشي مرطب هدا مرمم,neutral
الا البشره ديالك دهنيه نوووووون نووووو ، غاتولي تقطري بالزيت,neutral
انا بشرتي دهنية وكنديرها مدرتلي لا حبوب لا والو بالعكس كتخليلي وجهي رطب وكتفتح,positive
بشرتي دهنية و جربتها غزاااااااالة مايدماتش ليا وجهي مافهمتش هههههه و بالعكس كتحيد كاع ليطاش و كتصفي الوجه,positive
فن فن فن ولكن را تيرمم الوجه انا كانو عندي مسام واسعين لاحضت بداو ينقصوو ووجهي لونو رجع ليه🙂,positive
البنات لي عندها فكرة اشنو ممكن نستعمل مع ريطاكنيل كمرطب مع العلم البشرة ديالي دهنية كندير دابا سيكابلاست ولكن حل ليا شوية المسام,neutral
واش زوين ليطراش لحبوب التصبغات (للبشرة الحساسة),neutral
انا بشرة ديالي مختلطة و هذا مرمم و زوين انا كنديرو كل ليلة جا معايا و عجبني,positive
هادي غييييييييير للبشرة الجافة اولا التالفه 😭😭😭😭😭,neutral
لاوياك غادة تخرج علك هذا مرمم الجروح والبشرة الدهنية غادي يخنقها حيت ثقيل و غادي يخرج لك الحبوب,negative
واناااري يله خديتها لباارح دييما كيطلع ليا انها واعرة فترطيييب و دابا فاش خديتها عاد بداااو كيطلعوو لياا هاد الكمنطيرات ديال انها خااايبة اش هاد زهر هههههه,neutral
شحال دار واش إصلاح ل البشرة الجافة,neutral
متصلاحش كمرطب,negative
واعرة كداوي الوجه كتحيد كلشي خصها غير المداومة,positive
Nn hada dyal lbaxra ljafa kayn dyal dohniy bohdo,neutral
Dar Liya l hbob,negative
هوا لي كاندير واخ غالي واعر صراحة,positive
Khditha ma dart liya walo,negative
لا منصحكش,negative
la avene cicalfate hssen,negative
Ghadi ykhrj lik 3la wjhk akhti nasi7a la,negative
"No akhty hadi machi creme hydratante kadar ghi mera mera ila kan wjhk 7mer ula la cire u la nachf bzf et makadarch wjah dohni
Ana knt khditha u B9it kndirha kul nhar khrj lia 7bub bzf htal après swlt 3ad fhamt",neutral
mayslaaahch lik ghaynwed lik lhboub hit howa mydem bezaf wnti lbechra dyalk dohnya gha tnedmi,negative
Machi crème hydratante hadi,neutral
Hadiii machi cream hydratante hadi baume kaddar l chi jar7aa ba9ya jdida wllz derti lassir wta7re9ti diriha wlla wajhek kadirilo bezaaaf leq produits kadiriha 3 fois par semaine,neutral
Knt dertha ana m3a retacnyl ms crème réparatrice et pourtant dart lia lhboub,negative
Cheritou khaib endi nwed lia lhbub re9ii9 tiji ghi m3a la peau sèche,negative
sarha litygolo khayba bek3kss mzn katrmem bechra otertbha okt3tiha wahd nadara zwina khass teb3iha,positive
Nn dyal peau seche dartli ana lhbooob,negative
Zwinnn anadayrah crème hydratante o3ndi peau grasse,positive
Maysla7ch machi crème hydratant,negative
"Ana hada kan ndirou masque men lil l lil kay idir lia wahed l’éclat zwin bzf f la peau diali belheq kan ndirou morra l morratib b chi 15 min lweqt li tcherbou lbachara diali
Ps: 3endi la peau mixte sensible à rougeurs",positive
Ana 3ndi akhti wla9t lia hia w vitamine E wbchrti dohnia katn9i lbachra m3a lwa9t zwina sara7a,positive
Hadi machi crème hydratante hada c’est un baume réparateur kandirouh fach katkoune la peau mltahba,neutral
Wayak,negative
La laa laaa laaaa laaaaaa,negative
Hadi maxi mortib,neutral
Mbghitx nsdmkom wlkin kntbkndirha glia tbib hdik dyl lguzima sdmni,neutral
Ila andak peau grasse ghaydir lik hbob,negative
Ghda tkhrj lik lhbob,negative
"Yalah kent end demato, qatli comme quoi hadi kadir lhbob yla dertiha chaque jour",negative
Laaaaaaaaaa mns7kch hada kaysla7 lbchra ljafa omachi ltartib howa gha ky9wi l7ajiz dlbcha ila kan mahlok,negative
Lwa7iid li fach kandirou wejhi kayt9lab blhboub manhar 9te3to ou lhbob hbso hada maysla7ch lbchra dohniya myidem bzzaf,negative
Hada mashi morateb 3awdi moraia hada mashi morateb,neutral
Dretli lhboub zwina l bchra jafa,negative
البنات واش كاين بحال هاد المرمم ولكن شي ماركة مختالفة بحال فيشي ؟؟؟؟؟؟؟,neutral
A7san ma drt kwajhi ra7ma pli drto wjhi chad m3aya trii9,positive
بغيتي مرطب ديري Effaclar Mat أما هذا راه ماشي ديال الاستعمال اليومي,neutral
هذا ماشي مرطب راه مرمم,neutral
El Hasnaoui HaJagh ana bchrti mokhtalita wach yslahli fya chi tâche w wla kit9chr,neutral
لا هذا راه مكيصفيش البشرة من البقع و تقيل على البشرة كيدار غير في بلايص لي متضررين و لا فيهم تهييج,neutral
صراحة غير دفشة عطاوو كثر من قيمتو انا شخصياا جاني لاعلاقة و اصلا ماشي كريم ايدغاطون,negative
ila kan wejhek wekl de9 o kathsi bih nachf wakha bachrtk dohniya khoudih reh zwin ana reh 3endi obachrti dohniyaa okayheyd chwiya dyel les taches ms jdeeed walakin khasou lwe9t bzff,positive
واش يصلاح للبشرة الدهنية,neutral
لا علاقة,negative
راه مقطوع قلبت عليه حتى شحفت,neutral
مايصلاحش للبشرة الدهنية,negative
مرمم تبعتو شهرين مالقيت تاشي فرق,negative
يهبلون ماشاء الله,positive
Noir ou lbida ou lhamra,neutral
سلام اختي الله يحفظك في عندك المحال الله يعطيك الصحه بغيت وحدا ،👍👍👍👍👍👍👍❤️❤️❤️❤️❤️❤️❤️❤️❤️,positive
Halto o yamo o ghali,negative
Ana ma3raftch had la marque elach hassa b rasha a ce point hhh ya pas de rapport qualité prix,negative
عااادي جدا كاع ميستاهل داك الثمن ديالو فيلوغكا غاكتخور الناس,negative
اويلي مكيعمل والو هاهاااااخهههه,negative
كاملة لي زوين عندهم هو الواقي الشمسي اما كولشي غي ماركوتينغ,negative
Filorga rah machi chihaaaaaaja. ! Ghalia ou efficacité dyalha chwia osafi,negative
Hadak chi li ratkhssrih floussha darbi bih jouj Ibari botox o hani so9,neutral
Mashi shi haja 3aaadi mabanli hta far9 f wjhi,negative
عادي صراحه,negative
Mazwinch,negative
Had filorga ghalya ela walou,negative
لا علاقة غير كترت الإشهار وصافي,negative
",عادي جدا غير الشنعا على الخاوي",negative
La Gamme khaaatiiiraaa Bzaf Ms GhaaLYa Bzaaaaf,neutral
Zwin walakin machi ldik daraja dyal hadchi li kay9olo o zid 3liha ghaali,negative
ماااشي شي حاااجة,negative
كدوب متيدير والو,negative
ماشي لهاد درجة,negative
مهم واخا كاع يكون زوين غي تقطعيه يرجع وجهك كيف كان اذن مضيع الفلوس,negative
عادي جدا غالي نبعتو 3شهور مابالي حتى فرق castalia vit c zwin,negative
Mazwinch makidir walo,negative
شاحلكا تزيدو. فيه كان عندي مجموعة كلها والو عادي غي كا يرطب,negative
Khayba 7altha katb9a t9echer flwjeh o katban la peau mgabssa khdutha kandirha ghu lyediya,negative
Ahsen ahsen ahsen ahsen baume a lèvres hua rogé cavaillès,positive
هدا واعر وجربيه ودعيلي مع زوجي ربي يشافيه ويخليهلي,positive
هادو زوينين،البيض دايراه جيل دوش،أو الغوز كنعمر بيه قريعة دايراه صابون لليدين,positive
rose la 3ala9a,negative
kanst3mlo savon pour les mains jani zwin kayrghwi o kay5li ri7a zwina,positive
khdito comme gel douche ma3jabnich,negative
عيان,negative
Tooop,positive
زوين بزاف داك الغوز معرفتش علاش مبقاوش يجيبهم,positive
3yaaan,negative
اختي انا عندي من شحال هدي زوينة,positive
اختي واش مزيانة,neutral
معرفتيش اشمن ماركة اختي,neutral
Gaaaa3 kantsenawh fih bi farigh sabr,positive
... Garnier nchefli wejhi bezaf,negative
صراحة عبد الله فركوس احسن ممثل والافلام المغربية كلها زوينة أخوكم من الجزائر,positive
الموت ديال الضحك,positive
صراحة فيلم روعة وثنائي في القمّة .,positive
غزااال  هاد الفيلم . كيحمقني. التقاليد ديالنا المغربية الاصيلة .,positive
فن صراحة رابع مرة كنعاودو ههههههههههه واعر,positive
فلم أكثر من رائع الاسره المغربيه الاصليه,positive
"أحسن مقطع هو ديال 
سي عتمان لبغل 
ولله العظيم إلى مت بضحك 😂😂😂",positive
فليم ولا روعة قتلني بضحك😂💗🌰🤙✅,positive
من صغري وانا كانحماق على هاد الفيلم,positive
فيلم هايل يضحك واقعي نحي على الخاطر,positive
الله يرحم لالة فاطمة بنمزيان، وابنها أنور الجندي، والهرم الكبير عبد الجبار الوزير,neutral
خونا مسجل لينا فيلم ومكونكطي ليااا فلميسنجر 😂,neutral
فليم زوين 🥰🥀💯,positive
هاد المسلسل ديال ولد مو فيه فنانة توفاو فنانة كبار الله يرحمهم,neutral
فركوس أسطورة هههههه,positive
ديما دراما كتحط افلام مغربية واعرة,positive
فيلم مغربي جميل,positive
تبارك لله عليك ماشاء لله 😂😂😂👏👏👏,positive
الله يرحمسي عبد الجبار الوزير ولالا  فاطيمة 🌹🥀🌹🥀,neutral
Film wa3r bzf,positive
film wa3rrr,positive
البساطة ❤️❤️,positive
😂😂😂😂😂👏👏الله,positive
طيروني من قل ليه معقول في لحبس هههه😂😂🤭,positive
اللهم صلي على سيدنا محمد وعلى أله وأصحابه أجمعين,neutral
ديمان افلام القديمة توب,positive
و لكن علاش كايتسمع المسنجر ماكاين غير كتب كتب، فيلم زوين و لكن لي سجلو قمّة في الرداءة,neutral
روعة 🔥❤,positive
اجمل اغنية واعرة,positive
واعرة اخويا الله يعطيك الصحه👌🎵🎵 👌👌,positive
"ماكايناش التتمة ديال هاد الأغنية
كلشي على العود فالدقيقة الأخيرة ❤",positive
موسيقى جميلة,positive
Kayna akhoya amin 💚💚💚🔥,positive
bravo khouya tstahel 1M ABONNER,positive
Top m3lm dialna errachidia l3aaaazz,positive
ناااااااضي نيت اعطي الموت موتة😬😬💥,positive
واعر NADI,positive
ser ser 3lah 😂❤❤❤,positive
أحسن فيلم مغربي شفته و ما شاء الله على ناس المغرب نبغيكم بزاف,positive
صراحة احسن فلم بكاني بزاف يمكن انا اخر وحدة اتفرج فيه ههه 12/2/2020 الي جا مورايا يخلي جيم راحنا قلال,positive
احسن فيلم نحس احساس غريب مين تتفرجوا كل واحد فينا عندو حب مدفون ف قلبوا الحب يل يديك لسعادة يا للهلاك أغلبنا دانا للهلاك 😭😭😭😭💔🇩🇿 برافو السينما المغربية على هاد الفيلم الراىع,positive
أحسن فيلم مغربي شفته و ما شاء الله على ناس المغرب نبغيكم بزاف 🇩🇿🇩🇿🇩🇿,positive
الفيلم هذا تفرجتوا كي كنت صغيرة و ديما يبكيني كأنها اول مرة نشوفوا 🥺💔 القصة هاذي تأثر فيا,positive
تعرفت على هالاغنية الجميلة بالصدفة بالتلفاز ، على القناة المغربية ، كانت اغنية لمسلسل اظن ..,positive
الصراحة فيلم زوين ..فكاهى بالدرجة الاولى وكاملين كانو روعة..ناقص شوية التقنيات وربط الاحداث بشكل احسن ولكن جيد جدا انا والله ضحكت من قلبى ..شكرا ليكم بزاف مسيرة موفقة,positive
ههههههههه زوين,positive
تبركله عليكم كاملين فلم واعر ونيهاية اكتر بون كوراج,positive
الفيلم زوين بزاف 🥰🥰,positive
كان طالع ليا الدم قلت نتفرج في فيلم ننسي بيه ، الساعة زدت مرضت و تعصبت و ضيعت الوقت ملي شفت هاد الفيلم,negative
Film wa3r,positive
فلم واعر بزاف كنصحكم تفرجوه❤️,positive
Zwiiuuin Olah sr3tooh ❤️❤️❤️❤️❤️,positive
اول فيلم مغربي عندو نهاية واخا السيناريو ضعيف,negative
😅😅😅😅😅😅نكون غا كنحلم هههه,negative
منصح حتى وحد يضيع عليه الوقت والله مصالح,negative
فيلم باااااااااسل,negative
بقات فيا  غير كونكسيو أما أنا معندي ميدار 🤣🤣🤣🤣,negative
3jbni lfilm ana,positive
فيلم بااااااسل معدو حتى مساج شكون مخرج,negative
ناقص ملحة 😹😹,negative
Film 7amd broujoula,negative
film zwiine,positive
فيلم حقييييييير,negative
الله يستر على فيلمات آخر الزمان تخربيقة صافي,negative
بصراحة الفيلم مافيه تاشي عبرة,negative
فيلم للاطفال الصغار حشومة تقول فيلم باقي خاصهم بزاف كلشي كاينقز,negative
فلم حااامض 🫣,negative
اودي على فيلم كيداير غي زاد فقصني و صافي لا ببداية لا نهايه  فين يامك أخاي سعيد ناصري,negative
الممثل خاصو يتجرد من شخصيتو الحقيقية هدشي مابانش ليا زوبير مثل بشخصيتو ديال ديما فيلم دون مستوى,negative
فيلم لا علاقة تضياع الوقت مفهمتش هادو اللي تيقولو زوين واش من نيتهم صدموني,negative
زوين هد لفلم ولكن بش خيبه بي لغليض,neutral
فيلم مبرهش ديال بصح,negative
ميمتي على نيفو فيلم غنتدمو عليه الخوت مستوىطايح,negative
لمخرج تاع هاد فلم فكرني عفدوك افلام هندية قديمة بيدون جودة واكثر حاجة مونطاج والو,negative
الفكرة زوينة و لكن مجاتش مع المغاربة أبدااا🤦🏻‍♀️,negative
فيلم ديال كِوالو صراحة تقول سيناريو وتمثيل جاي من الموزنبيق,negative
افلام ديال قيلني عليك هههههه,negative
"المخرج اللي مخرج الفيلم تافه وعزيزة عليه الحموضة 
من ديك خيتي اللي مجبدة ف المسبح.... وخاسرين عليها لبسة ديال حورية البحر.... وكيفاش تاتكلم .... إبان ليكم المخرج حامض مدور بيه الحامضي",negative
film basl mn lhsn blama dy3o fih w9tkom,negative
التصوير ناقص بزاااف و حتى السيناريو أما القصة مابايناش گاع غير غضيعو وقتكم 😏,negative
من نيتكم دابا هذا فيلم 🤬🤬🤬🤬🤦🏻‍♀️🤦🏻‍♀️🤦🏻‍♀️🤦🏻‍♀️,negative
فيه ممثلين واعرين ولكن اخراج زيرو,negative
من اروع ما قدم استاذنا الكبير حسن الفذ عملاق الكوميديا المغربية و غ بالفن و بذكاء ماشاء الله عليك كل الحب و التقدير 😇😇😇😇❤❤❤❤❤❤❤,positive
يبقى دااااائما  حسن الفد  أحسن كوميدي  في المغرب العربي 🇲🇦❤❤❤❤,positive
وخا نتفرج فيه 100 مرة مكنميلش من سلسلات كبور قتلني بالضحك تحياتي من رباط سي كبور هههههه 😅😅😅,positive
وا لموت ديال ضحك 😂,positive
أفضل سلسلة على الإطلاق😂😂😂😂😂😂😂,positive
هاد السلسلة خاصني ضروري نشوفها كلا نهار❤❤,positive
سلسلة جائت في وقتها لتنسينا مرارة الخسارة في أول مباراة,positive
علااااامة و الله العظيم الا مت بالضحك و احسن من الشعيبة بزااااف مستوى طوب.,positive
قبل مانعس ضروري نتفرج فهاد السلسلة مكانملش منها ، وااعر وااعر هاد كبور ههههه المووت د الضحك,positive
برنامج واعر وناجح كيقيس نبض الفنان الحقيقي الفنان الصبور والخلوق ومن خلالو اكتاشفنا شحال من فنان لايليق بالفن,positive
برنامج مراد العشابي في رمضان أحسن برنامج رمضاني,positive
هداك البرنامج كرهتو فيه كنطبق مقولة <<يستفزونك حتى يخرجو اسوئ ما فيك ثم يقولون هادا انت >>,negative
برنامج مراد العشابي كيعجبني بزاااف ماشي كينقص من الفنان ولكن كيعبر ليه الضغط ديالو,positive
هو صراحة المحتوى عمرو ضحكني اسالة جدااا مستفزة للفنانين و فيها بزاف ديال القلة الادب,negative
بالعكس برنامج زوين كتشوفو كاميرا خفية ديال بصح انا من الناس لي عجبني البرنامج,positive
صوتك خايب خايب بزاف ؤ طريقة الكلام غير لائقة,negative
Toooooooooop adondo madani ❤️😇,positive
حلقة ناضية الموت ديال الضحك,positive
هههههه كنبغيكم بزاف بصراحة ضحكتوني والله,positive
بالتوفيق سلسلة خرافية.,positive
احسن مسلسل عجبني برمضنات كاملين,positive
أحسن سلسلة,positive
احسن فيلم,positive
اروع مسلسل شفت في حياتي,positive
ضحكتوني 😂😂😂,positive
عجبني المسلسل,positive
أحسن لقطات في حياتي,positive
كنعودها شحال من مره ومكنملش منها,positive
بغينا جزء الثالث هاد رمضان,positive
قمت اروعه ربي يحفظك اسرى مستقبل باهر في تمثيل,positive
أحسن فلم تفرجت فيه في رمدان,positive
يعطيكم صحة,positive
واعرين واعرين عجبني بزاف,positive
اداء ول اروع و اجمل,positive
Bghit gher ne3ref had lewliyad sghewer finahowa 😂😂,positive
فوجتي عليناهههههههههه,positive
زوين  بزاف,positive
برافو عليكم,positive
كضحكونا كنتمنى تزيدو شي برنامج اخر كيعجبوني بحل هذه البرامج بنت صغير ومطورا,positive
مشروع زوين كنتمنى تعميمه فباقي المدن,positive
مشروع ذوقيمة رائعة,positive
علاش ميديروش بحال هاد المشروع فمدينة أكادير، لي ناس مضررين إلى غيشريو شي شقة كينزلو عليهم بأثمنة غالية بزااف,positive
وشكون بالسلامة والعافية اللي عنده القدرة يدفع 2000درهم لليلة مدة شهر …نصيحة سيدتي اختيارات الفيديو تكون على حسب الزبون المطلوب وهذا الفندق اظن هو فقط مهم للطبقة المترفة بالمغرب والتي لن تحتاج لفيديو على اليوتيوب…حاولي ان تجدي للطبقة المتوسطة اماكن باسعار معقولة ومتوسطة هنا تصبح قناتك لديها اهمية ومعنى,negative
هذه هي الفنادق  الفخمة  والعالية  ،  لا توجد الا في المملكة المغربية  الشريفة العظمى,positive
فندق جميل جدا رائع شكرا لكي,positive
فندق رااائع,positive
فندق جميل جدا,positive
ياريت اتربطينا امع وكالات الاسفار  اللي عندها علاقة امع هاذ الفندق الجميل نمشيو ليه انشوفوه باقل تكلفة عبر أسفار جماعية 🖐🖐🖐🖐🖐🖐🖐و شكرا,positive
امضيت فيه اسبوعا العام الماضي فندق روعة ولكن التمن غالي بزاف بزاف بزاف,positive
الفنادق في المغرب غاليين بزاف على الناس دوي الدخل المحدود والمتوسط ...غرفة لشخصين بأكثر من 2000 درهم لليلة,negative
اثمنة مبالغ فيها دخلت فنادق اكتر روعة وفخامة بأقل سعر,negative
ياسلاممممممم روعة ماشاء!!!!!  هو وفندق لوفرمون بالقرب منه روعة ولا في الاحلام!!  ياسلام مشيت لهم  بجوج اروع ما شفت عيني وتبارك على المسيرين ياسلاممممممم راءعين!!!!!!! اللهم لاتحرم شي وحد من قضاء فيه ولو يوم واحد!!!!!,positive
Tbarkllah Dakchi zwin,positive
يبقى فندق المامونية ارقى فندق في العالم و هذا بشهاذة سياح العالم اينما كانوا .و تحية لمراكش الحمراء و اهلها .بلد البهجة .العروسة شكون لي كيشكرها ؟ حينت انا اصلي مراكشي.بذون مزادة من بكري و انا اسمع بفدق المامونية و يستحق كل التبجيل و هو شرف لنا كل المغاربة,positive
"واش ممكن تاخدي بعين الاعتبار الأزمة المدوية لي كنمرو بها؟
هادا ان دل على شيء فإنما يدل على ان هادا النوع من الفنادق معمول للطبقة  الراقية اي الثرية اما الطبقة المتوسطة فإنها غااارقة في الديون والغلاء ديال المعيشة.
ديري البانضة ديالك وكولي وشربي مع راسك طول النهار والليل بالصحة والراحة.....
والا كان غير بحال هاد الاشهارات لي كيستهدفو الطبقة الثرية بلاش منهم ولك مني ازكى وأجمل التحايا.....كلي واشربي هنيئا ل",negative
مركب سياحي جميل لكن الاثمنة مرتفعة جدا,negative
سلام ختي بالنسبة لي مابغاش يشد غرفة. ممكن غير يجي يشرب شي حاجة ويعوم فمسبح؟؟ وشحال الثمن ديال مسبح بوحدو؟؟,neutral
غزال  أ وروععععععة,positive
راقي,positive
Stp li bgha ghir it9hwa fiha les prix bchhl kaybdaw j’espère tjawbini,neutral
Top merci,positive
واش بيرا فابور 🤣🤣🤣🤣 وياه زوين تم غ هو غالي شوي هدا مكان ✌🏻✌🏻❤️,negative
اثمنة خيالية مقارنة بتركيا,negative
لا كان غير بش ترتاحي من الوقوف من الكوزينة تخلصي 2000درهم ،من احسن شدي زوج خدمات العام كلو بثمن شهر في فندق وها انتي مرتاحة,negative
Zin Ana sakna fe espania ou bghit chi apartamento hotel zwina hda lbhar ila 3arfti chi haja siftiha lya,positive
كثرات الفساد لي كين ف هاد الفندق  اما شي حجة اخرى مكينة فيه,positive
غدا غادي نمشي ليه ندوز واحد شهر فيه أنا ولادي عجبني بزاف  ههه عضاحكة مالي طايحة على راسي والله يكون عندي الزايد حتى نمشي الأقرب مستشفى نصدقهم ومنمشيش نهضرهم هكاك حرام  اصلا نمشي لبحر راه غير فابور وناهد طحين في احسن مطعم ويطلع ليك انهار بأقل تكلفة,negative
خفنا ليصورونا الثقة مكايناش نعس فالمحطة ومنعس فالفندق,negative
الفندق خدام فيه راجلي شاف كويزين,neutral
Top hind thanks,positive
"ما أجملك يا زطني لكن جيبي وجيوب شعبك تزقزق 
و2500 dh أختي را عشرين مليون مغريبي كيتخلصها فالشهر . كنتي ديري الفيديو خاص لأصحاب اللعاقة و الله ازيدهم  او لي واكلين رزق وعرق عباد الله",negative
Rui غير تلات نجوم,negative
"فندق عادي جدا
ميشليفن بإفران ارخص من أفضل منه .ومحترم جدا
الأدارسة مراكش",negative
احسن اوطيل هو المامونية وروايال منصور وكيتواجدو بمراكش وهذا تصنيف من طرف المختصين عالميا,positive
هذا هو الفندق الذي يزدهر و يكثف نشاطه في الصيف، عندما تتوافد عليه المغربيات و يرتمين في احضان الاجانب، للمساهمة في ميزانية الدولة، أسعار مغرية و تخفيضات من المغربيات.,negative
عندك الحق انا سافرت بزاف وكنرتاح غير بحال هاد المنتجعات وكنمشي بزاف لمارمرا فمراكش ملي كنرجع كيجيني اكتئاب,positive
خايبة خديتها 5شهور وخصرات لية,negative
شكون ليمجربها واش زوينة وكاتخرج لحوايج,neutral
mafihach  sistim dyal tnchf lhwayj mzyan hit mli katsali kankhrj mnha lhwayj ba9i t9alin blma,positive
HTA ana 3andi had lmochkil fiha khososan fach katkon katnchef katderdk bzaf wkatkhrj mn blastha khasena nchdoha,negative
السلام عليكم حتى أنا عندي نفس المشكل,negative
Nafs lmochkila 3ndi kadir sda3,negative
Ah akhti kadir Sfar fnchif,negative
حتا انا الماكينة دالماعن فيها الصداع والله معرفت ماندري ليها,negative
من احسن متاخديهش كان عندي وخسر مكمل حتى العام,negative
عندي هاد لفران و مكايبغيش يخدم ليا لقوق و لتحت فدقة وحدة خاصني نخدم غي حاجة وحدة. شي اقتراح,negative
Khti wach zwin hta ana brit nakhdo,neutral
انا عندي و مكنستعملوش بزاف اولا الريووس ديالو ماواصلينش لقاع ديك الباسينة بمعنى انه خاصك تشديوه فيديك و ثازيا كتخدمي بيه شوية كيسخن و كيعطي الريحة بحالا غادي اتحرق.,negative
من الاحسن خودي غيى لاخور حيت ضروري هدا كتشديه بيديك عاد كضربي حيت الريوس ديالو مكيوصلوش لكريم حيت عندي اختي ونصحتك,negative
Mzwn ana 3jbni,positive
زوين لحد الساعة,positive
Mery Meryama لا بالعكس واصل بزاف ومكيسخنش يله جبنة واقيلا تبدل,positive
هادا ما صالحش للطياب هادا هير ايلا خوات اابوطة علي غفلة الواحد يديباني بيه وصافي,negative
شريتو لبارح كيطلق ريحة خانزة,negative
انا عندي كنستعملوا يوميا غير ماتقليش عليه,positive
داغي تيخسر خديتو متنخدموش بزاف من بعد 5 أشهر خسر,negative
لا ما كيسخنش ودغيا كيخسر,negative
تقيل,negative
tana 3andi ms ri jiha whda,neutral
تقيل بزاف ومكيصلاحش للطنجرات العادية نصحك بلا متخديه,negative
كان عندي مزوينينش ماشي عملي كنت طلباتو عندي واحد الجارة وقالت لي راجلها وتخوا ليه اتاي كيشحر فيه ومبقاتش باغي يشعل,negative
اه شريتو من بيم وطيبت بيه تينفع والله,positive
أنا شريتو لبارح طيب بيه الحريرا دغيا طابت زوين,positive
كنت خديتو من بيم نيت انا معجبنيش ثقييييل بزااف مكيسخن لي الحاجة حت افقصني الا بيت نرد عليه طاجين خاصني نديرو فالبوطة حت ابدا اطيب زعم إغلى حيت الا درتيه مباشرة فهدا والله لا كلتيه المهم الا غي هدا ديال جوج والي فبيم بالضبط بلاش بلاش,negative
لا والو خديتو وغنرجعو ليهم,negative
"كايطيب مزيان و كولشي
غير خصو الاستعمال مرة مرة حيت دغيا كايفسدو
مهم ديال الديباناج",neutral
لا عيان شريتو مفاتش سمانة تقطع الضوء خسر دتو عند المعلم قال ليا ميتسايبش هد الماركة عيانة,negative
حتى انا عندي نفس سوال,neutral
التوصيل جميع المدن,neutral
الثمن خيالي مقارنه بالمعالج اللي فيه لاعلاقه,negative
احسن حاجة فيه صلابة الشاشة والثمن غالي,negative
اعشق الشاشة المنحنية,positive
هاتف زوين عجبني,positive
tbarkalah 3lik dima top🔥,positive
أحسن قناة من حيت المعلومات على الهواتف. واش باقي تتباع هاتف Realme c35 أواش مزيان الألعاب او التصوير.,positive
ثمن ديالو طالع بزاف منعطيهش انا صراحة هذ الثمن  هربان ف الثمن بزاف كاع,negative
Tele zwin saraha lah irza9na whd bhalo et bravo 3lik akhoya char7 dylk zwin lah iwaf9ak,positive
تمن مبالغ فيه بزاف فدول اخرى راه داير غير 280 دولار,negative
جرب سقوط الهاتف على الزاوية ( القنت ) وتفكرني 🤪😜,neutral
خويا عندي 2500 dh بغيت تلفون مزيان كيصور مزيان باش تنصحني الله يحفظك,neutral
"Zwin bzzf chokran khoya 
Bghit nsqsik chkon hsan hwa wla Xiaomi note 12 pro+",positive
المعالج غير متناسب مع التمن,negative
مواصفات ضعيفة بمقارنة بالثمن المبالغ فيه  الله إعز pocophone f3,negative
2 عيوب قاتلة وخصوصا لولة لغنقول الشكل الخارجي لضهر دتلفون لكاميرات شكل مزونش ماشي شكل شبابي وزوين وسلبية التانية الصوت ماشي ستريو,negative
Jib lina svp des infos 3la xiaomi 13 wlprix dyalo flmghrib,neutral
والله تا احسن هاتف خديتوا والله ماندمت شارج يومين شاشه الهربه خفيف ديزاين بزاف الثمن اللي قال مكينش,positive
الثمن مبالغ فيه لا يقدم القيمة مقابل السعر المعالج ضعيف,negative
"4100 dh kont chrit A52s 8+256 5G , SD 780G , camera 64mpx OIS et 4500 Mah f la batterie , écran 120 hrz 800 nits et la qualité dial samsung , et fih carte sd !!! ida ghir 3la l'écran , incassable dayer 20 dh !!",neutral
Slm khou brinak tkalme 3la redmi 12 pro la3zz khouya,neutral
سلام وعليكم مدرتيش تجربة على الهاتف سامسونج جالكسي اس 23 الترا,neutral
"zrebty 3la l Camera , review dyal lemsemen",negative
Oppo reno 8t 5G hesen meno,negative
rak nadiii abro,positive
Wow,positive
4200 درهم على تلفون فيه غا الديزاين و الشاشة القوية.... لا معالج مزيان لا صوت ستيريو لا بلاصة الكارط ميموار لا منفذ جاك 3.5 ملم... و بهاذ الثمن و حتى الكاميرات راه ديال الفئة الاقتصادية... هادشي بزاااااااااااف,negative
Dima ljadid,positive
لوح تلفون من صطح اخر تجربة لتلفون,neutral
واو واو هاد ما شي تليفون 📱💪🔥💪وعرة بزاف ما كرهتش يكون عندي 😍😍😍,positive
Tarah iphone w ki sber la tah men 1.80 m,positive
شاشة اذج خايبة كن كانت  عاذية حسن,negative
Kanshkom tshriw honor 70 rah r9i9 3lih wa3errr 3lihhhh w camera fih ya salaaaaaam batterie facilement tlchi m3ak nhaaar kamel w atb9a fiha 30%9bel latn3es snapdragon 778g plus wlah ta hsen ln hada ana bzez bach l9ito dy3oh f ichhar hawlo takhdoh bon occasion w b chargeur dyalo ''' kitcharga bzrba 66w,positive
الثمن!!!!!!!!!!!! لا يستاهل,negative
هاتف رائع يستحق,positive
ناضي,positive
"Toop bsse7a wtbarkelah 3lik, téléphone wa3er, kantssena review ❤️ keep up",positive
مميزات الكاميرا و مقارنة شاملة مع آيفون 13 برو ماكس.طوب كمل❤🔥,positive
ماشي هذا الثمن ديالو فأمريكا. للأسف فالمغرب أثمنة خيالية. بالنسبة الأيفون 14 أو 14+ مزال عندهم النوتش أو المعالج A15 ديال أيفون13. المعالج الجديد فقط لبرو أو لبرو ماكس,negative
انا في الحقيقة ماشي من محبين الايفون و لكن مكرهناش دير لينا (المميزات و العيوب ديالو),negative
شاشة و لون بزاف 😍😍😍,positive
الأيفون 14   عندو مشكيل في الكاميرا الخلفية.تصوير بكاميرا الأيفوت  في اهتيزاز.٠٠٠٠٠٠❤,negative
سؤال ،  أما حسن واش 13 برو ماكس و لا س22 اولترا ؟,neutral
اهم ميزة فيه هي اننا لا نستطيع شراءه…,negative
ديما الجديد 🙏🙏🙏🙏✌️,positive
خويا قولينا منين نقدرو نشريوه و منين نقدرو نجيبو الفلوس باش نشريوه؟؟,negative
خديتو صرااحة واعر بجهد,positive
هادي راه كاين بحالها فسفتوير ديال سامسونج 4.1onui,neutral
BGHINA TEST CAMERA 14 PRO MAX VS 13 PRO MAX,neutral
ناضي 🔥🔥🔥🔥🔥🔥,positive
"العياقة ديال الناس هي لخلات الايفون اوصل لهاد الثمن بزاف 
انا كنصح الناس تشري حاليا سامسونغ 22الترا لطاح الثمن ديالوا",negative
waa3r,positive
Telephon zwin walakin ghali bazaff,negative
top top 💗💗,positive
Nadiii⚡😎❤,positive
"machi chi big diff bino ou bin 13 pro max ila l camera hiya li katban liya 7san bzaf 
and im thinking saraha bach nakhdo 
When u do review t3ma9 fl camera ktar ou l battery and thanks 🥰🥰",negative
منديهش واخة يكون فيه دوا,negative
بالعكس رخيص في متناول الجميع 🤣🤣🤣🤣🤣🤣 الله اودي,negative
واحد مشكل بان فيه واش هدشي صحيح ملي كدخل لكاميرة فتطبيق سناب او تيكتوك الكاميرة كتخسر وتتسمع واحد صوت فشكل,negative
ما نشريش الايفون واخا يبقا غير هوا. واش كينين تيليفونات زوينين فين ايبان الايفون ونا واصلينش داك الثمن,negative
infinix 0  احسن هاثف  في التصوير الليلي,positive
الايفون 14كلو عيوب بلى متشروهش واحد صاحبي شراه لصاحبتو مبقاتش كتجاوبو😂😂😂😂و من جهة تانية متقولش شريتو ما شريتو كلشي على جوجو فون  ملك الايفون  الخبار في راسك 😁كولابي لي مع راسك بصحتك,negative
صراحة s22ultra حسن,positive
شفت بزاف مقاطع فيديو على 14 هوااا منين كدخل سناب شات كيوقع موشكيل فكاميراا,negative
لا أخويا ما بغينا نعرفوا عليه والو هادي شركة كتستهدف الناس لي فيهم العياقة والناس لي عندهم الفلوس وما لقاو ما يديرو بيهم كاينين هواتف تقريبا من نفس المستوى ومواصلين هاد الثمن الخيالي ..,negative
لا أخويا ما بغينا نعرفوا عليه والو هادي شركة كتستهدف الناس لي فيهم العياقة والناس لي عندهم الفلوس وما لقاو ما يديرو بيهم كاينين هواتف تقريبا من نفس المستوى ومواصلين هاد الثمن الخيالي ..,negative
nadyyyy 💜🙂,positive
🎉kayn nadi bsaha,positive
جهاز كله مشاكل واول مشكله من تفتح سناب يطلع صوت مزعج وما في 2000شمعة في ضوء الشمس نفس 13,negative
مضيعة ديال الفلوس و صافي، و الضحك على العقول الصغيرة اللي كاتثبت راسها بهاتف ولا طوموبيل و لا ماديات... ماشي بالاستهلاك باش غنزيدو القدام بل بالانتاج و التفكير و الإبداع,negative
22 ألف درهم مالو بغا يولد ليا دراري مايستهلش داك تمن,negative
واش هاد التلفون كيدخل الجنة,negative
اودي لا فرق كيضحكوا على الناس,negative
هادشي خارج غير للخيبوعات باش يبانو زونين,negative
iPhone مرض العصر 😏,negative
معجبنيش ناقص بزاااف 👎,negative
حمد الله مشرتوش هدا أسوء نسخه بنظري,negative
لا علاقة s22 ultra حسن منو و بزاف,negative
آش خاصك العريان.. ايفون 14 برو ماكس امولاي,negative
هاد التيليفون ديال الحازقين ... العبت انك تشري تيليفون بهاد التمن من غير الا كنتي انت هو elon musk,negative
الله يعز الاندرويد وان بلاس ولا اس 22 سامسونج ، أما الايفون معقد بحال شي واحد زوفري فعمر ربعينات ولا عانس فربعينات لول 🥴,neutral
انا درت ديسلايك للفيديو. لانني ضد هاد الهوس الآيفوني وهاد التخربيق باش تشري تيليفون بهاد الثمن وتجيبو تعرضو فبلد يعاني ويلات الفقر وبهاد الثمن! لا حول ولا قوة الا بالله العلي العظيم.,negative
"لتصحيح فقط المعالج هو
Snapdragon 8 Gen 1
و ليس Snapdragon 895",neutral
هناك خطأ واحد  وهو الضوء كان يجب أن يمنح المستخدم أن يتحكم من من 0 ألى 1750 كان ليكون أفضل بنسبة لي الضوء المرتفع  يصيبني. بالدرر   أتحدث عن حالة عدم خروجك ألى الشمس,negative
وااااعر 😍😍❤️❤️😍😍,positive
Toooo khoya kemel rak nady ❤️❤️,positive
"Snapdragon 895 😁
اما الفيديو فهو جيد و يمكن نقولو عليه سابقة ما دام تحط دقائق بعد الاعلان الرسمي على الهواتف",neutral
الهاتف بذلك  وبدون chargeur +pochette +quitte وبزاف على تكشاش Samsung  هههههه مزيدا من التألق في عملك ماشي بحال شي موحدين متطفلين على الميدان. يضعون هواتفهم ولا من مجيب(نصابة),negative
Samsung dima lemssa dyalha spécial 😍❤,positive
راااااائع رائع راااائع وديما الجاديييد🌹🌹🌹🌹,positive
هاتف رهيب ومهيب,positive
ليس هناك فرق واضح مع سابقيه منذ s10 الى الآن. ليس هناك إبداع، سامسونغ اصبحت محبطة لعشاقها.,negative
نقطة الضعف الوحيدة في هذا الهاتف هي أنه يفتقد إلى عدسة تصوير sony، وغير ذالك كل شيء ممتاز فيه، أسوء حاجة في هذا الهاتف رغم قوته في التصميم ونوعية مواد التصنيع هي عدسة التصوير S5KHM3، شخصياً أفضل هواتف ONEPLUS من ناحية التصوير.,negative
نصيحة ، لمن يريد شراء S22 ultra ، انتظر قليلا حتى يظهر XIAOMI12 ULTRA فقد تندم كتيرا على التسرع .,negative
Woow 🔥🔥,positive
سلام أخي الكريم معك اخوك من مكناس انا عندي s21 ultra  انا بالنسبه لي الفرق بسيط منقدرش نبدل الهاتف الفرق في سبين القلم و المعالج سنابدرجون و 1750 نيتس و شحن 45 w عوض 1500 نيتس و شحن 25 واط انا من محبي سامسونج فعلا هاتف s22 ultra هاتف قوي و جميل و لكن ان شاءالله العام القادم ممكن اغير هاتفي  s23 شكرا أخي العزيز على تحليلك القيم,neutral
L cameras nefs l hardware dial 21 tbdel ghir l processing !!!,positive
S22 هاتف خرافي,positive
Bon courage pour la telefon s22+,positive
"تصحيح افضل معالج فصوق ذابا هو 
Snapdragon 8 G1",positive
صراحة هاتف زوين وباغي نشريه ولكن المغرب كيصيفطو ليها غي الشياطة مثلا بغيت ناخد  1t هنا مكانش فقط 512  وحاولت انشريه من اوربا مكرهتش نخدو من هنا,negative
تليفون فخم صراحة هيبة,positive
واو روعة احسن شيء هيا سامسونغ ❤️❤️❤️,positive
المعالج سميتو Snapdragon 8 Gen 1,neutral
شكون الاحسن واش note ultra 20 او s22,neutral
طوب خوياا هاتف واعرر بزاف كان الحلم نتاعي نشري نوت 20 التراا داباا ولا الحلم نتاعي س22 التراا 😘😍 والعام جاي س23 التراا هه غا يبقاا غي حلم من عام لعام 😢😁😂,positive
"S22+ 45 watt fast charge, machi bhal s22 👍",positive
سامسونج فالفلاكشيب ديالها توب عجبني لميلونج ديال اس و نوت ❤️❤️❤️,positive
"في هاته السنة تفوقت أيفون على سامسونغ
13 Pro Max أفضل من
S22 Ultra",positive
مستحييل نشري أنا هاد التلفونات غير كنتفرج فيك حيت عزيز عليا ❤,negative
وحش سامسونج بمعنى الكلمة,positive
Woooooow💥💥,positive
وأخيرا سامسونغ دارت شي حاجة زوينة حطات سنابدراغون دابا مزيان,positive
انا عندي galaxy s23 صراحة منصحش بيه ، الثمن غالي او ماكايكونش معاه الشارج ،ولكن الكاميرة هضرة آخرة😂,negative
"شكون الكاميرة لي مزيانة
واش ردمي نوت 9ت
أو سامسونج م22",neutral
التليفون رائع,positive
قتلاتهوم سامسونج عاوتاني 🔥🔥🔥🔥,positive
Waw Waw الله يرزقنا 🤲🤲🤲🤲🤲,positive
العيب الوحيد فهاد الهاتف هو أنك ماتقدرش تشريه,negative
"انا من عشاق سامسونج .حاليا عندي s22 ultra 
شي حاجة هاربة بزااف غا المشكل غالي شويا",positive
خويا بصراحة شنو احسن هد الوحش او ايفون13بروماكس,negative
دخلت لواحد مسابقة غير ضحك وربحت هاذ s22 ultra وفاش قالولي صردي لينا عنوان بقيت غير نضحك وقولت كيتفلو وحتي الا داروها غدي يكون غير شي شياطة ديال تلفونات ولاكن ملي وصلني وجربتو واااو كاميرات طوب وكلشي فيه زوين,neutral
zin🤝🖤🌷,positive
أخي مهدي وخا نسقسيك samsung galaxy s10 plus واش باقي صالح بنسبة لعام 2022,neutral
رائع,positive
كاين بروو 💯,positive
wow sumsung 22 ULTRA,positive
بشااااخ 🔥🔥,positive
Salam khoya 3afak bghit ne3raf wach i phone 13 pro max f camera mzyan hsen mn samsung ultra awla samsung li hsen,neutral
سامسونغ باقا بدائية فحاجة وحدة وهي الشحن السريع يالله وصلات 45 والمنافسين وصلو 120 واط هادي سينين,negative
"Kayn wahd l3ib f had la serie dyal S22 
 Ana 3ndi Galaxy S22 , battery 3yan makaytwlch hadi mochkilto 
Bit n3rf wach ymkn ydiro chi update li ghadi thssn mn lmoda li yb9a chad fiha charge !",negative
لخوت أما حسن سنابدرغن ولا  اكسنس و شنو فرق بينتهم حيت هنا  ف اروبا حين غير اكسنس مبغيتش نزرب حتى نشوف  اشمن معالج حسن ممكن تجوبوني,neutral
"Kant lyom fi electroplanet 3lah kijibo fi s22 ultra o kidiro check reference, sawlt galo Liya bli lversion dial SoC hiya Exynos 2200 Mchi snapdragon",neutral
البنات راه غاعما عزيز عليهم هادشي ههههه كيعرفو غير الايفون ههه كيسحاب ليهم واش هو احسن تلفون😂😂,negative
احسن حاجة ايفون تلفون بمواصفات قوية ولو تسرق ليك الهاتف غادي تلقاه فينما كاين,positive
Wa3rin,positive
Nadii🧡👏,positive
Dakchi zwine,positive
اللون الرمادي جميييييل,positive
هاتف من كوكب أخر,positive
Chkon hsn 12 pro max aw s22 ultra ‘n?,neutral
Sincèrement ba9i ma kherjatch chi 7aja li tkhallini nbeddel Note 10+ diali,positive
salam 3andi tilifon omix x300 chi tari9a nformatih,neutral
سلام عليكم أخي samsung ultra s23 تسريبات,neutral
Ma3mra tw9f donc dik a9wa gha zwlha 😆 7it kola 3am ikhraj l2a9wa et merci pour les videos,neutral
احسن ماركة عندي هي سامسونغ,positive
Iphone 13 pro max 7sen mno bzaaaf,positive
Hada howa li kount baghik djerbou super super,positive
داك التمن بزااااف وبلا شارجور هذا راه نصب بعينو من عند سامسونج مايستاهلوش داك الثمن,negative
Telphone zouinin bon qualitee,positive
Jani Bhal S21 Ultra Bedlo Lih Seulement type de Camera ou Design dialo Bhl Note 20 Ultra,negative
Khouya ama hsane wax samsung.S22 ultra .wla iphone.14 pro,neutral
Samsung dart lancement f d9a wahda ga3 les chaînes youtube la7oh daba,neutral
Bro jiblna Xiaumi note 11 pro,neutral
علاش حيدو بلاصة كارط ميموار,neutral
بعد عامين من الإستخدام سوف تضيع شاشته بسبب الخيال shadow وهذا العيب ديال هواتف السامسونج العالية الجودة بالمقارنة مع الشركات الأخرى، وفي الأخير للمعلومة فالتصوير الليلي بهذا الهاتف العملاق مخيب للأسف كما عهدنا في جل هواتف السامسونج الباهضة الثمن.,negative
Naaaadya ultra 22,positive
Hatchi bahalo bhal s21 ultra kolchi bhal bhal hir zado lkalam safi,negative
دارو الدمج احسن حاجة,positive
هاتغ رائع,positive
Naaadi bzaf,positive
خسارت الفلوس و العملة الصعبة.,negative
"الايفون ارخص وافضل واجمل 
فخامة التفاحة تكفي 😍",positive
أحسن هواتف هم السامسونج ❤🪄,positive
السامسونج الاصل و الباقي تقليد,positive
انا السامسونج عندي احسن من الايفون,positive
Hhhhhh samsung na9la tasmim min sony xz li kheraje 2017 nari kaa ma brito t3i9o tate dhak 3likom samsung,negative
Nadi 5oya,positive
هاتف رائع وقوي الحمد لله محرماتناش سامسونغ من النوت حيت كيتعتابر احسن هاتف عالمي المعالج واعر الشاشه وقوة السطوع كيف العاده من الأفضل الكامرات تاني افضل كامرات بعد سوني لي كيبغي اتصور بسناب راه اروع مكين الحجم مزيان الالوان الأسود الأفخم الصراحه و استهلاك البطاره مكنظنش غادي يكون بحال 13pro max  ولكن 5000ملي اومبير مزيانه وسرعه الشحن مزناه ولكن السعر زادو فيه شويه,positive
ما نقدرش نقول انها مراجعة لكن دعاية بحيث انك كاتهدر غير على الايجابيات علاش ما هدرتيش على حساسية اللمس الي هي 240 Hz  فحين كاين هواتف واصلين ل 1000 Hz و دك 45 واط فحين ناس واصلين ل 120 واط و شارج ف العلبة,negative
Naaadi,positive
وراه حازقين,negative
لاااااكن راه سامسونغ مادامت غاديا تبيع الشارجور  بشكل منعزل عن الهاتف فهذا هو النصب بعينيه اللي تعلماتو سامسونغ من منافستها ابل. و شكون ضمن ليا غادي نشريه شارجور دوريجين باش غادي نعرفو انا هذا بغض لنظر على الثمن الزائد ديالو ايلا لقيتو؟؟؟؟؟؟؟؟؟,negative
هاتف زبالة,negative
بشاخ,positive
صراحة ساعة زوينة و تستاهل الواحد يشريها 👍🏻👍🏻,positive
ساعة تستحق اكثر من ثمنها و تبارك ألله عليك خويا مراجعة في المستوى,positive
مراجعة رائعة كيف العادة و صراحة ساعة راقية و أنيقة 😊,positive
بصراحة خويا مهدي المنتوجات لي كتجيب كولهوم واعرين تبارك الله عليك مراجعة فالمستوى بالتوفيق ان شاء الله ❤,positive
ساعة زوينة بزاف مقارنة مع الماركات الاخرى ❤❤❤,positive
كيف ديما مراجعة شاملة ورائعة وكتبين أدق تفصيل 🌹👍🏻👍🏻,positive
فعلا ساعة كما قال الاخ مهدي ديال عشاق ومحبي الساعات الذكية العالمية 🔥🔥🔥,positive
الى قال هادي احسن ساعة راه عارف علاش ما شاء الله,positive
أفضل ساعة بمميزات رائعة,positive
هاذ مكانة واعر ولاكين مع شرح الخطير ديالك زتي بينتي لينا روعة ديالو وشكرا بزاااف ❤,positive
ساعة زوينة بزاف مقارنة مع تمان ديالها 🔝🔝,positive
تستحق الشراء ❤❤,positive
كما العادة ديما الجديد ولا اروع,positive
افضل ساعة,positive
شهادة حق..... واعرين والله,positive
المشكل ديال هاد شركة هو الباتري ماكيشدش لاشارج مزيان,negative 
حن تدوم لمدة يوم واحد,neutral
ساعة جميلة ولكن البطارية ضعيفة. كل يوم خصك تصرجيها,negative 
والله حتا كنصحكم بأنفنكس لحقاش هيا شركة لوحيدة لي كتقدم قيمة مقابل سعر,positive
لا مجال للمقارنة بين واجهة ريلمي المستقرة وواجهة أنفنيكس المليئة بالإعلانات,neutral
خويا متافق معاك ولكن فرق مقامات وأسماء لانفينكس راه كتبقى لانفنيكس مشاكلها لا تعد ولا تحصى,negative 
مشاء الله اللهم بارك,positive
راه مع غلاء الاسعار مبقيناش كنفكرو واش نبدلو تلفونتنا ولا لا  الله إدير شي تاويل ديال الخير يارب,negative 
احسن كادو ديال العواشر مشكور اخي,positive
الله يسخر الثمن مع المنتوج مزيان,positive
نتا احسن مول هواتف بالمغرب التخفيضات لا نهاية,positive
شركه جميله ومنتجاتها رائعه عن تجربه,positive
Très beau produit,positive
Bon rapport Qualité/prix ️,positive
ساعة فيها كل متطلبات لنحتاجو وزيد عليها انيقة و زوينة,positive
مراجعة رائعة بالتوفيق للمزيد من المنتوجات,positive
ساعة رائعة و أنيقة، في المستوى,positive
فالصراحة مشهي ناخد شي ساعة بهاد الشكل..  برافو خويا مراجعة ممتازة,positive
بالتوفيق ، أول مرة أسمع بهذه الماركة فشكلها جميل جدااا وتنافس باقي الماركات العالمية في الشكل والمحتوى,positive
هاد الساعة دايرا ضجة كبيرة في السوق واحسن ساعة مقارنة مع الثمن,positive
صراحة خديت تلات ساعات ذكية ووقفت عند هذي .ماشاء الله زوينة,positive
مشاء الله,positive
ساعة تستحق أكثر من ثمنها مراجعة رائعة,positive
صراحة ساعة زوينة او أنيقة تستحق ثمنهاالله يسر ليك اخويا,positive
مݣانة لي واعر ولاكين مع شرح الخطير ديالك زتي بينتي لينا روعة ديالو وشكرا بزااااااف الله يسهل عليك أخويا كمل Calling,positive
Bon courage,positive
"ساعة toop فالشكل و الناقة""",positive
خدمة نقية  تبارك الله عليك,positive
الصراحة زوينة والشرح مفصل تبارك الله عليك خويا الله ايسر ليك,positive
شكرا على تقديمك لهذه الساعة الرائعة,positive
ساعه رائعة  ومراجعة رائعة,positive
منتوجات رائعة,positive
zwinaa tbarkallah 3lik,positive
Zwina merci pour le unboxing,positive
واعرة الله يرزقنا ناخدوها,positive
تبارك الله عليك في المستوى ️,positive
تبارك الله في المستوى كيف ما عودتينا,positive
Comme d'habitude,positive
ساعة جميلة ومراجعة أجمل. شكرا أخي.,positive
Bon produit,positive
مراجعة ممتازة  لساعة جد رائعة  واصل,positive
ديما لفوق,positive
ممتازة تبارك الله,positive
La qualité,positive
فالمستوى,positive
رائعة,positive
ساعات زوينين بزاف والستيل الاخير كحمق,positive
ال كانو هاد المميزات كاملين فهي فعلا كتستحق الثمن ديالها,positive
وأخيرا  ساعة في متناول جميع  كنتمنى تكون من نصيبي,positive
رائعة و منتوج فالمستوى,positive
ساعة تستحق,positive
Dima the bons produits,positive
Bravo! dima ljadid,positive
سعر معقول,positive
كيما ديما نااااااار ️️,positive
ساعة ذكية ممتازة,positive
ساعة رائعه,positive
جميلة في مستوى,positive
Nice review akhii,neutral
ماشاء الله تبارك الله  في المستوى,positive
تبارك الله ساعة المستوى,positive
جيدة,positive
Tbarkelah 3liik,positive
برافو عليك خويا,positive
Review parfait très Bon produit,positive
ساعة تستحق اكثر من ثمنها و تبارك ألله عليك خويا مراجعة في المستوى,positive
الله يعطيك الصحة في المستوى عندهم ساعات زوينين,positive
Review parfait  très Bon produit,positive
ممتازة شكرا لك,positive
"الله يسهل عليك أخويا كمل 
مݣانة Calling لي واعر ولاكين مع شرح الخطير ديالك زتي بينتي لينا روعة ديالو وشكرا بزااااااف 7",positive
دائما في القمة,positive
ساعة زوينة و إن شاء الله نربح,positive
هاد الساعة من احسن ساعة مقارنة مع التمن,positive
اسطوريية,positive
ماشاء الله عليك وعلى ذوقك الرفيع,positive
مشاء الله عليك خويا ديما النضى,positive
Toop khouya,neutral
ساعات فالمستوى,positive
ساعة ممتازة و القيمة مقابل السعر,positive
في المستوى خويا,positive
ساعة رائعة وأحسن مراجع فالمغرب,positive
ساعة خطيرة,positive
ساعة تستحق التجربة,positive
Nice product,positive
ممتازة وفقك الله,positive
الله يعطيك الصحة خويا داكشي زوين كيف ديما,positive
Best review,positive
صراحة ساعة تستاهل الثمن تاعها,positive
تبرك الله علك أخوي زين تحياتي لك من وجدة,neutral
كما العادة أحسن معا الأحسن 🫡,positive
trés belle montre,positive
ساعة جميلة ومراجعة رائعة ونتمنى نربح إنشاء الله والله يوفقك ويسهل عليك,positive
دمت متالق دائما,neutral
ساعة واعرة ماشاء الله,positive
مراجعة رائعة ، ساعة جميلة اتمنى ان تكون من نصيبي .,positive
Tbarkellah 3liik ️,neutral
Bravo,positive
ساعة واعرة بي التوفيق,positive
كلشي غزال لو من الممكن الحلاقات ديال  فضيلة,positive
الله خليك العنوان ديالكم الله يحفظك ❤,positive
فين عندكم المحال عفاك,positive
السلام كلشي كتبينوه الا الحلقات علاش مكاتوريوهمش لينا  الحلقات ديال ديما ماشي دلحضور,neutral
Bghit hadik dyal 110 €,positive
الكورميطات تيبانو كبار في الايف ملي تيوثلو لينا تيكونو رقاق وصغار . تيعملو اليوم باش يبانو كبار والله انكم غشاشين,negative
دهب  ناقص دبا. انت حتبيعى ب 900 درهم الغرام حشومة,negative
كتصيفط خارج البلاد,neutral
هادشي لا يفيد في شيي لي عدنو الصراصير يدير zentek tube,negative
"ياسلاااااام شميت ريحة البخور الرائعة 
كتحمقني سرغينة خصوصا في مناسباتنا الدينية",positive
واو هذا الشي روعة تبارك الله سرغينة زوينة,positive
ماشاء  محل كلشي زوين شكرا اختي,positive
زرت المطعم رائع والاكل لديد و أتمنة جد مناسبة أنصح بكل مغربي وأجنبي زيارته ❤❤❤❤🥰,positive
ماشاء الله والله أكبر، مطعم مريح وعائلي,positive
فندق جميل يجمع الماضي والحاضر والأجمل قضاء بعض الأيام فيه مع من تحب من الأعماق,positive
ليست بالمره الاولى التي يفوز هذا الفندق باحسن فندق في العالم,positive
انشالله مني نجي للمغرب نمشي ليه ديكور والأصالة قمة ف الروعة ❤️,positive
افضل شيء في العالم 🇲🇦🇲🇦🇲🇦💪💪💪 بدون منازع,positive
راه تكلاسا هاد العام الرتبة الاولى عالميا ونتي تتقولي جوج مرات صنف من افضل فنادق العالم,positive
هكهههههه احسن فندق في العالم 😂😂😂😂😂,positive
زيد فالقائمة حتى مطعم بركان فكليز مراكش تحديدا زنقة بن أحمد فكرة المطعم رائعة والنقااا والمذاقات ياسلام,positive
كانت لي تجربة سيئة في مطعم فدان على طريق مراكش.,positive
بان ليا ثمن زايد شوية,negative
Z3ma lah ysmahlikom 3la fyour 150dh hatinaha fiha oumlete wkhoube bayte dyal yomayne,negative
مطعم راءع  تباركالله عليك لكيعرف كازا مزيان كاين فيها بلايص  واعرين او غابرين شيحاجة راءعة  تباركالله عليك او بصحة لعشا,positive
واش ردتو البال المطعم خااااوي,negative
هاد المطاعم زوينه ونقيه ولكن شويه تمن لي عندو القدره الماديه يمشي اما لي على قد الحال لا اضن.,negative
كرواسة وقهوة وحليب ب40 درهم الضحك على الذقون,negative
العام الكامل من غير رمضان الماكلة زوينة نقية بنينة، المحل نقي و سربيس فالمستوى 😍😋😋😋,positive
كملاحضة كانو كيديرو شلاضة بفواكه البحر مزيانة ولكن مؤخرا مبقاوش كيديرو الفرش كلشي ظثلج والطعم مزوينش وحتى نوعية السمك مزويناش,negative
هادي اللهفة ماشي المكلة،هادا انتقام فاالفقراءباالعلالي.,negative
