commentaire,sentiment
بكيت اقسم بالله بكيت على حياتي لي ضيعت فالخوف و السيطرة و أنا عندي دبا 24 عام عمري درت مكياج ولا لبست ستيلي ولا كملت قرايتي ولا خدمت ولا نشيطة بحال گراناتي ولا تعرفت على شي شخص اعمر حياتي ولا صحابات الله يفرج عليا وعلى الجميع,triste
بالصدفة لقيتك تتهدري عليا💔💔💔 فقدان الشغف,triste
😢😢😢,triste
باشما كيكبر الإنسان العالم من حوله  كيصغار وكيولي يبان له تافه .. شي حويجات كانو البارح كيفرحوه اليوم ما بقاتش عندهم حتى معنى .. هادي علامات النضج، الحل هو أن الإنسان يقلب على سعادته والمتعة دياله فحوايج جداد من غير لي مولف يديرهم .. حويجات لي غادي ينفعوه ويبقاو له ويبعد على التفاهات,triste
اقسم بالله انا تنشقى وتسمع ليك فلحظة نزلو الدموع مقداش نحبسهم فيديو جا صدفة قلبي والله تا مهرس,triste
"الشغف مشا والله رغم انني كنت كلي طاقة و إيجابية و اجتماعية دبا مبقيتش كنبغي نجمع  ولا نمشي عند العائلة و لكن هادشي كيجي من تراكمات و ضغوطات من الصغر و زيد عليها الناس لقتلفاي معاهم في الحياة و مسؤوليات ماشي ديالك كتهزيهم و مكتعيقي حتى كيفوت الفوا 
الحمد لله على كل حال",triste
بالضبط هذا هو حالي للاسف 😔,triste
اخيب حجى هي يجيك فقدان الشغف حتى فلقريا و خى  يلاه غندخل ل 20 سنة 💔,triste
"Rita bekkitini 😢 7atiti sob3ek 3la noqta li darrani soubhannallah. Kent fdarna b7al lewrida, daba fqadt chaghaf wellat 7yati to do list. Ma bqitch mhaliya frassi😢 wellit berda.",triste
حطيتي يديك على الجرح اصحبتي😢💔,triste
حبيبة ماماك كبيدتك كلامها صحيح أنا شابة وكنقول مانبغيش نكبر نندم على حاجة مادرتهاش فيما يرضي الله فشبابي بغيت نستغل شبابي فيما يرضي الله وكلامك صحيح وخير خلق الله قال استغلو خمسا قبل خمس صحتك قبل مرضك وشبابك قبل هرمك وغناك قبل فقرك وحياتك قبل موتك وفراغك قبل شغلك وطبعا فيما يرضي الله وكنضل نقول لراجلي نستغلو شبابنا قبل ما نكبرو 😅,triste
حتا انا كنعاني من هادشي كنت كنسحاب عندي اكتئاب فتالي كتشفت عندي تكيس مبيض هوا لمسببلي ثعب مفرط 😢,triste
Ana man matut liya mama lah yarhmiha mb9aytch kan7as barsi,triste
كلامك كولو صحيح والله هادشي كامل فيا 💔,triste
😭😭😭😭😭😭كنتفرج وكنبكي اودي الله اصاوب وصافي,triste
واخييييراااا لقيت لكلمة معبرة على لحالة لي أنا فيها هوا فقدان شغف 🥹😣,triste
يمكن اول مغربية كنلقاها كتهضر بعفوية فهاذ الموضوع ، عانيت من فقدان الشغف و مازال لانه لي شافني كيقول ليا مابقيتش كيفما انا رغم أنني مازال صغيرة ، و ماكنتش عارفة معنى داك الاحساس حتى فهمت نفسي انه المرحلة لي وصلت ليها بسبب الطاقات اللي ضيعت بزااف على قبل الناس و العائلة ، رغم أنني انسانة إيجابية و حيوية و عندي هوايات ، كيفاش هادشي كيموت فواحد لوقت لي كتبغي نفسك تزيد بيك حتى كتخونك ... بصح راه كتكون عندكم طاقة مجهدة فواحد لوقت لكن حاولو توجهوا ديك طاقة ديالكم فالاتجاه الصح و عتامدوا نظرية السلحفاة  ف روتينكم ❤,triste
ناري عينيا غرغرو على ماماك 😢ياربي تسمح ليا من ماما يارب 💔ياربي تعطيها صحيحتها,triste
أول مرة كنتعرف اكنتفرج فيك وقفت الفيديو فالنص ابقيت كنبكي والله أختي بكيييييت وباقا عيني منشفو جاتني لحظة إدراك لقيت راسي وصلت فعمري 36سنة أم لخمسة لولاد ارجعت الستنتا دحياتي اللور. وااالو حسيت عشت حياتي للناس ماشي البراني ولكن المقربين ادابا كنحس بلي حتى واحد ميستاهل  هادي تقريبا سادة على الكل  حيت اسنزفت بما فيه الكفاية الأغلبية باغي يستغلك يستغل الصدق الطيبة السذاجة ديالك وحتى واحد ميوريك طريق وااالو والله أخواتاتي إلا مبغيتي راسك حتى واحد ميبغيك أنت أولا قبل أي حاجة اهادشي اللي وصلت له امقتانعة به وربي مول النية كيوقف معاه والحمد لله ونعم بالله ولكن باقي متشافيتش كل مرة نتذكر كي كنت قبل كنبكي كنحاول نكون قوية ولكن باقة مجروحة وكنتمى أي واحد قرا تعليقي يدعي معايا ربي اشافيني ايوفقني فحياتي الجديدة  يارب ❤❤❤,triste
Bghit hi nkteb chi haja u kanhess brasi bhel lwil u ma3arfach rasi mali u hta haja ma3ejbani u mala9ya ratti fwelu u m3a hta hed ghada nhma9😭😭😭😭,triste
انا فقدتو كنقول معليش كلشي عادي حتا انا فقدتو وبغيت نرجعو 😢,triste
نفس الشيء واقع لي لدرجة سوتنيت الماستر ديالي لي كنت كنتسناه وكان حلم ماحسيتش كاع بالفرحة ديالو أما يلا بغيت نخرج ماكنحملش نلبس ونتقاد ولا نخرج غير الدار والروتين المشكل الكبير راه ما مكتأبة ما مقلقة ما حزينة عادية غير مافيا لي يديير شي حاجة,triste
كتهدري و لقيت عندي نف الافكار ديال ما نلبس حتى نصبغ شعري حتى انا مين كنرد شعري فونصي كنديبريما سبحان الله فقدان الشغف دواه هو تبعد ناس المسمومين من حياتك ولا لي كيحبسوك علىةلحوايج لكيعجبوك هما لكيخلويك تكره الحياة وطفى دنيا ف عينيك,triste
انا حرفيا 😢,triste
اه والله ايلا الناس كلهم حاسين بفقدان الشغف فهاد السنوات الأخيرة اذا شي حاجة واقعة فالعالم وناس في غفلة معيقينش بالقالب,triste
جزاك الله خيرا اختي الحبيبة، فضلا وليست امراً دعوي معيا بالفرج 💔 دعوة الغريب مستجابة 🙏🏻,triste
كان طالع ليا الدم والله وكارها راسي دخلت لليوتيب نتسنت لشي حاجة نستافذ منها وطلعتي ليا نتي كتهدري وانا كنبكي وكنطلب من الله يحيي فيا الشغف وينور ليا البصيرة ديالي واللي قرا تعليقي يدعي معايا بتيسير الامور ديال ولكم بالمثل,triste
انا بكثرت ما فقدت الشغف ماقدرتش نكتب حتا هاد التعليق ونعبر على شنو كنحس😢😢😢,triste
انا اول مرة نسمع ليك تبركالله عليك وشكرآ حبيبتي على هاد الفيديو بحال كتهضري عليا وزيدي عليها الثقة الزايدة خارجة عليا دعيو معايا 🤲ولدي السنة الاولى باك بحال انا ميتة حية الجهد مبقاش مني بغيتو ملقيتش حتى 1% 😢😭,triste
أنا حكمني فقدان الشغف حسبتو اكتئاب 💔,triste
أقسم بالله إيلا هاد شهور دخلت كانقلب على فيديو بهاد العنوان ومالقيتش ياختي كيما قلتي كولشي بحالا حافضينو وديك الهضرة كاتدخل من وذن وتخرج من اخرى.. الله يجازيك بخير على كلمة قلتيها ماغاديش تكون هادي المرة الوحيدة لي كانسمع فيها هاد الفيديو,triste
وي تيجي من تراكمات وتتديري كثر من الجهد وماتتلقايش المقابل حتى وليت تندير شي حاجة لوجه الله ماتنتسنى والو وحتى نقص فيتامين د تيدير اكتئاب الى كان ناقص بزاف,triste
الكلام ديالك قاسني والله 😢❤,triste
التراكمات أختي  اليوم وغدا هاد الشهر والشهر الجاي  وهاد العام والعام الجاي  وانت كاديري كل ما  فجهدك  لأجل هذا وهداك وهاديك ... وكتنساي راسك  ديك الساعة كتفقدي الشغف,triste
كنحس براسي طفيييييت 😢😢😢😢,triste
اه أليام فاش فكرتيني أغيثة فخبارك كنت دزت من هاد المرحلة وماعافاش أشنو هيا يامات القراية فليسي كنت كانعس بحوايج المدرسة والشارح فالتيلي والتيلي كايبقا مشعول حتى كايطفا وهادشي كايخليني فايقا ديما معطلة ماكاين لا نتقاد لا نغسل وجهي كانلوح عليا جلابة ونخرج والعمش فعينيا البنات فليسي هاللبس هالماكياج الروايح هادشي خلاني مانجحش فقرايني وخلاني ماتكونش عندي الثقة فراسي ديما منعازلة ديك الساعة حتى الماكلة تانگول لاش غادي ناكل مانستاهلش ناكل أقسم بالله واحد الفترة صعيبة أوبزاااف الأمهات ردو البال معا بناتكوم راه حوايج بساط ماكايبانوش ولاكن كايأثرو على شخصيتك,triste
"بقيت كنسمع  كنسمع حتى عمرو عيني بالدموع انا حااااليا فااااااقدة الشغف كلشي عندي موجود ومتوفر ولكن حتى حاجة مكتفرحني بالعكس كلشي كيتعبني وكيقلقني 
يمكن تعب الاولاد والغربة هما سبابي باغا ندير بزززززاااااف د الخاجات ومعرفاش منين نبدا وفالتالي كندير مناقص من كلشي 
الله يكون معايا ومع ماع الامهات والله يعاونا على وليداتنا",triste
نفس المشكل عندي هادي 4 سنين من نهار مات بابا و كنت يالله تجوجت بحالا طفيت بصح مبقيت باغا ندير والو حتا خدمتي خرجت منها ، منين ولدت قلت يمكن شي حاجا تبدل فحياتي ساعا والو كنحس راسي عيانة بزاف,triste
تخيلو البنات فقدان الشغف وتكوني مزوجة بنرجسي وكبر منك ب 20 عام والله القسم حسيت براسي كاندفن روحي وانا حية والحمد لله طلقت وانا عندي بنية ورجعت حياتي كيفما كنت كانلبس كيف بغيت وندير المكياج ونخرج نسارا انا وبنتي الله رجعت حييت من جديد ❤,triste
😭😭😭😭😭😭😔😔😔😔😔😔😔,triste
جاتني البكية بحال الي كتهدري عليا ولكين مقدرتش نبدل راسي😢,triste
ملي بدأ ونا نبكي خفت هكا راح يصرالي خاوتي راني قريب نهبل 🥺🥺🥺,triste
تفرجت فيه فرمضان او بكيث بزاااف او ها أنا عوثاني نتفرج 🥹💔,triste
😢,triste
داز فتلفازة كانت عندي 10 سنين  وتفرجت ليه وعجبني  ودبا عندي 18 سنة وكنعودو ف2026😢😢,triste
12/04/2026  bkani hd lfilm 😢m3mri fkrt ntfrj fih ta tfrjt obkani,triste
غانعاود نتفرج فيه وغايعاود يبكيني وهي غادة، هاد الفيلم الوحيد لي عاودتو شحال من مرة و مكنملوش😭💔,triste
😢 😭😭😭ياربي لا تعلق قلبي إلا بك ..  كمية الحزن فهذا الفيلم غير معقولة شهر 4 / 2026,triste
فيلم مؤتر بزااااف 💔,triste
1:26:23 😔😔,triste
30/3/2026❤😢,triste
2030😢,triste
وااا على فيلم ميمكنش والله 😢😢😢😢,triste
💔💔💔,triste
انا اكتر وحدة بقات فيا هي الام 😭😭😭 الام اكبر ضحية لي ربات وكبرات وفلخر تسطى بنتها 😢😢😢😢,triste
3che tm3😢❤,triste
"أكتر فيلم مأتر كانتخيلو دابا حاقيقي😢😢😢😮
😢😢😢😢😢😢كايبكث",triste
😢😢😢😢😢,triste
"23/3/2026
02:5💔🥺
اكتر فيلم اتر فيا",triste
😢😢,triste
2027😮😢,triste
كأنها قصتي💔,triste
😢😢😢😢,triste
had film makanmalch mano wakha n3awdo 1000 mara😥❤‍🩹,triste
💔💔💔💔💔💔💔💔💔💔💔💔💔💔💔💔💔💔💔💔💔💔💔💔💔💔💔💔💔💔💔💔💔💔💔💔💔💔💔💔💔💔💔💔💔💔💔💔💔💔💔💔💔💔💔💔💔💔💔💔💔💔💔💔💔💔💔💔💔,triste
💔💔💔💔💔,triste
شكون😢,triste
"😢😢3 fois,,",triste
من جزائر نحب هذا فيلم ديما نبكي كي نتفرجوا😢,triste
Ana b9at fia hia Walaqin walidiha kter 😢😢😢2026,triste
"ماذا لو كان للقدر حديث أخرا 💔
2026/2/17 ❤",triste
هاد أنا تفرجت فيه 2026  قلولي بلي هذا لفيلم يشبه حكايتي بصّح أنا جزائرية و هو مغريبي دخل بوليس 😔💔,triste
2026❤😢,triste
هاد الفلم تفرجت فيه فاش كنت صغيرة وفكل مرة عاودت تفرجت فيه كنبكي وكنتأثر بحالا شفتو اول مرة,triste
😢😢😢😢,triste
انا لاش كنبكي,triste
2026❤ o nafse ihasas😢,triste
الحب خايب نهاد درجة 💔,triste
💔,triste
5/2/2026😢,triste
قصتو مش للدرجة هذيك تبكي لخطراكش الحب من جيهة وحدة,triste
شكون رجع يتفرج في 2026 😢😢😢,triste
2026 💔,triste
💔💔💔💔💔💔,triste
🫡😢🥹🥹😭 واعر انا من 2026,triste
Daba 2026 we ba9a kantfrje fih kanbeki😢behala awle mera netferje fihe 💔😥,triste
شحال بكيت عينيا تنفخو😢😢😢😢😢😢😢😢😢😢😢😢😢😢😢😢😢😢😢😢😢😢😢😢😢😢😢😢,triste
منحوسة مسكينة 😭😭😭😭😭😭😭😭,triste
مسكينة سعدية غاضتني 😔 صعيب الواحد يعيش فالاوهام و يبني بزاااف آماااال و فاللخر يتصدم بالواقع، فيلم هايل 🇩🇿🇲🇦,triste
😢😢😢😢😢,triste
2026🥺😔,triste
"26/01/2026
A💔",triste
وفي الاخير غادي نولي بحال سعدية وبنات ختي غادي يقولو خالتي حماقت حين مداتش لي بغات 💔😞,triste
24/1/2026 😢,triste
😭😭😭😭😭,triste
Ana😢,triste
كون غير مشات عندو قالتها ليه كعما يوقع ليها هادشي🥺2026,triste
😢,triste
21-1-2026😢❤,triste
هادي تاني مرة كانتفرج فيه و فكل مرة كانبكي,triste
2026 😢,triste
💔💔,triste
Meskina 🥺…..,triste
انا تبعت هذا الفلم كي كنت صغيرة ومزالني حتى اليوم كلما نشوفو نبكي بزاف 😢😢😢،من الجزائر ونحب هذا الفلم وبزاف افلام تاع المغرب,triste
انا من 2018💔,triste
Walah hta sma3tha fi 2017 wala 2018 o db 2023 tfaartha o rja3t n9alab 3liha atrat fiya bazaffff 😪😪😪😪😪😪😪,triste
قصص مألوفة قبل ماتهضر كنعرفك شنو غتگول,triste
قصة واعرة  مشي اول مرة غنسمعها. منك قصة كتخليلك امال فالحياة ....وكنقول واحد النهار يرجعلي امال ونتجمع بولدي ونعنقو حيت توحشتو بزاف انا كنسمعلك وكنتفكرو وكنبكي وكلا دمعا كتهبط جمرة علا قلبي,triste
جيت  نطيب  بيها نعاسي  ساعة  طاب ليا قلبي  بيها 😭,triste
تعرف أن هذا القصة الرائع أنها مثل حياة  بلا قيام من النهار لي مات خويا حتى لهد النهار,triste
رجع تنزل 😩😩😩😩,triste
😥😥😥😥😥😥,triste
💔💔💔❤❤❤,triste
😓😓ahssn masm3t tbarklah elik o sfe o rakq rajl o nas lah yrhmha o ywsa3 eliha yarbii,triste
قصة حزينة بزاف,triste
😭😭😭😭😭😭😭,triste
Ollah ila bkit😭llah kayn m3aak akhoya layf9k tatchof wlad wladk💘,triste
bkite hmdulah hmdulah hdaya walidiya lah ikhalihom liya yarbi😭😭😭😭😭😭😭😭😭😭😭😭😭,triste
🥺😭,triste
Beketini a khoya 😭😭,triste
Natmana nchouf 9isa dialak f chi film 2020 w Ana mat2akad ghadi tanja7,triste
Hata ana makan3ach 3andi hkayti twila tabonaw 3adi 3afakom ntoma amali fadanya🙏matkhybonich,triste
🤔🙃😢😢🤔🖐💪💪✊✊👏👏👏☝☝☝,triste
Bkatni 😢😢😢,triste
9issa zwiina ohazina 😢😢,triste
كنسمع وفنفس لوقت دموعي كيسيلو🥺😔🖤,triste
😥😩😩😩😭😭 بكيتيني فهاد ليل.02:30,triste
بكيتيني والله ربي يحسن العوان😔,triste
Khoya 9isa zwina walakin ila b9iti katktr mn l ichhar nas matb9ach tsm3 lik nasiha lilah,triste
😭😭😭😭 had 9isa katbaki khoya 😭😭😭😭😭😭😭😭😭😭😭😭😭😭😭😭😭😭😭😭😭😭hasit bik,triste
سميت هاد لحن ؟؟؟,triste
السلام وعليكم في الحقيقية هاذ القصة بكاتني بزاف كنطلب من هاد سيد بغيت نهضر معاه بغيت نسول فهاد سيد لي يعرف نمرة ديالو يرسلهالي,triste
Danya wa3ra rabi ybrik o 😢😢😢😢😢😢 khtabrk,triste
mat2atartch bzf jatny l9issa khayallia bzzf,triste
اخويا القصص ديالك كاملين كايبكيوني و الله ما مانقدر نحبس دموعي عندك طريقة واعرة في الحكي تبارك الله عليك و الله,triste
Zwina Bazaf. Nihayaa hazina😢,triste
برافو عليك قصة واعرة بكيتينا فيها الله يعاونك,triste
😭😭😭😭😭😭😭😭😭😭😭😭😭😭😢😢😢😢😢😢😢😢🇲🇦🇲🇦🇲🇦🇲🇦🇲🇦🇲🇦🇲🇦🇲🇦🇲🇦🇲🇦🇲🇦🇲🇦🇲🇦🇲🇦🇲🇦🇲🇦🇲🇦🇲🇦🇲🇦🇲🇦🇲🇦🇲🇦🇲🇦🇲🇦🇲🇦🇲🇦🇲🇦🇲🇦,triste
lah yaRebiiiii😔😟😟😟😟😟 hadchi mktab akhouya mktab,triste
خويا دير تجربة سميتها Larry,triste
منين ماما جاها السرطان كنت هزيت واحد الهم تقيل بزاف . مسؤولية خوتي الصغار و الدراسة ديالي ف الجامعة  و اكيد ماما اللي مرضات و كان خصني نتهلا فيها و انا كنت هزيت هاد الدقة و صبرت و كنت كنبين لكلشي انا قوية حيت لا خوتي شافوني كنبكي و منهارة ولا ماما شافتني كيفاش غا تقدر تشافا . كنت كنقرا و كنحاول نخدم و نعاون راسي و ماما . بقيت هاكاك مدة عام عاد شدني كتئاب تا الحمد الله تقادات الامور و انا نجحت و ماما حالتها تحسنات وانا خدمت و خويت البلاد  و حسيت براسي الحرب سالات عاااد شدني كتئاب و رجع علي كلشي .من اللحظة اللي سمعت فيها ماما مرضات  و ديك الفترة كلها اللي كنت كنعاني فيها الداخل و ما كنبينش رجع علي كلشي دازت علي فترة قاصحة بزاف والحمد الله علا كل حال دازت . تهلاو فًراسكم اخوتي را عندكم غا راسكم,triste
عندي  نفس الشي و الله  😢😢 و المشكل ماعرفت منين نبدا طلقت على راسي ماعرفتش شنو ندير كانمشي للطبيب قتلوني غير بالأدويةaripiphi  zepam fluoxet alpraz ديما كانبداه و كانقطعو بحالك و مزالة هاكدا,triste
😢😢😢,triste
Thank youuu saber 🥺,triste
الاكتئاب مرض من أمراض العصر المنتشرة ، وهو انعزال المريض عن محيطه ، وفقدان الاتصال بمن حوله ، ويؤدي به إلى اليأس ، وقد ينتج عنه التفكير بالتخلص من الحياة ظناً انها الحل الأخير وسبيل للراحة ،وأهم الأسباب النفسية لهذا المرض الشعور باليأس ، وعدم القدرة على تحمل ضغوطات الحياة . إن الإسلام العظيم عالج هذا الأمر من بدايته ، فلا مكان للاكتئاب في حياة المسلم ، فحياته كلها لله مليئة بالطاعة ، والذكر ، والأمل برحمة الله ، فالمؤمن يعلم أن حاله كله خير ، إذا أصابه خير شكر الله ، وإذا أصابه شر صبر ، فالمؤمن يعالج الضغوطات النفسية بسلاحي الصبر والشكر، ولا يوجد في الدنيا داء عضال لا دواء له ، ولا شفاء ، فالنبي صلى الله عليه وسلم ( إِنَّ اللَّهَ لَمْ يُنْزِلْ دَاءً إِلَّا أَنْزَلَ لَهُ شِفَاءً، عَلِمَهُ مَنْ عَلِمَهُ وَجَهِلَهُ مَنْ جَهِلَهُ»، وَفِي لَفْظٍ: «إِنَّ اللَّهَ لَمْ يَضَعْ دَاءً إِلَّا وَضَعَ لَهُ شِفَاءً، أَوْ دَوَاءً، إِلَّا دَاءً وَاحِدًا، قَالُوا: يَا رَسُولَ اللَّهِ مَا هُوَ؟ قَالَ: الْهَرَمُ) قَالَ التِّرْمِذِيُّ: هَذَا حَدِيثٌ صَحِيحٌ، وهذا ينطبق على الأدواء العضوية ، والنفسية ، ويشمل الأدواء الفردية ، والاجتماعية . أهم علاج الاكتئاب في الصيدلية الإسلامية : أولاً :الاعتصام بالله ، واللجوء إليه ، والأمل في فضله ، والرجاء في رحمته ، فهو أرحم بنا من أنفسنا ، و من أمهاتنا ، ومن آبائنا والله يقول ( إِنَّهُ لَا يَيْأَسُ مِن رَّوْحِ اللَّهِ إِلَّا الْقَوْمُ الْكَافِرُونَ ) سورة يوسف 87 والله سبحانه وتعالى لا يستعصي عليه مرض ، ولا مشكلة مادية ، ولا معنوية ، فكم من مريض شفاه ، وكم من فقير أغناه ،وكم من سائل أعطاه ، وكم من ضال هداه ، وكم من ضعيف قواه. الثقة والاعتصام بالله أول وأهم طرق الحل ، وهو النور الذي يضيء الطريق ، واعلم ان أشد ساعات الليل ظلمة التي تسبق الفجر ، وأن سنن الله الله أن يجعل من بعد العسر يسرا. ضاقت فلما استحكمت حلقاتها فرجت وظننت أنها لا تفرج.,triste
The same feelings I live the same situation right now 💔,triste
ومن أعرض عن دكري فإن له معيشة ضنكة...ما خلينا الله حتى شي حاجة ناقصة فالدين، قلب على معيشة ضنكة و شوف غادي تبان ليك هي هادي الحالة لي وصلتي ليها. دزت من تجربة شخصية قريبة بهادشي والحاجة الوحيدة اللي كتحميني هي الصلاة و قرأة القران. الله يشوف من جيهتك أخاي صابر.,triste
سلام عليكم انا المغرب انا هدى في الاكتياب الله 😢حمدالله 😭😭😭😭😭😭😭😭😭😭😭😭😭😭😭😭😭😭😭😭😭😭😭,triste
لو قلتلك انا عشت نفس تجربه ومقدره شعور ديالك وعطتني نظره ايجابيه رغم كاين شي أمور ماتقدرش تعالجها رغم محولات يمكن حيث مكتوبه عليا صراع مع نفس وترى نفس اكثر عدو لهذا عادي  ونصحكم فن اللامبالاة,triste
اخي عندما تحس انك لست بخير اتجه لله سبحانه وكلامه,triste
💔 i need help,triste
معرفتش علاش بكيت أنا 😭🥺السبب أش والله معرفنا السبب,triste
The same thing for me💔it's really hard😓,triste
"المقارنة، الناس السلبية، المشاكل، الاحداث السلبية اللي تيوقعو معاك او الكلام السلبي، و الإبتعاد على الدين، معاتبة الوالدين ليك، اهمال النفس، التفكير الزائد، عدم التخلص ممن التراكمات، عدم مسامحة الذات و احتقارها،النوم لفترة طويلة، اختيار البكاء
هاد الحوايج بالضبط تيخليوك تدخل فالاكتئاب ويولي دوامة لا تنتهي ايلا مجلستيش عالجتي كل حاجة بوحدها على حدة. و تكون االبداية باتباع الدين الصحيح كاع الحوايج غيتقادو معاهوم و غيتعاونو",triste
Ana rah kan fiya rah ana ba9i makan3achs o dayman kan5af man Kolchi o 3ad dawni l tbib ma t5aylich ❤😢,triste
"وقعتي بحالك ولكين مكانش حديا مي وكان قلبي كوجعني بزاف وصافي تا انا داتني عمتي فين ما بغيت والو وكان عندي جهوي وصافي مبقيتش نقدر نوكل موالو صافي حيت جدي مات اول مرا يموت حد عزيز عليا 
صافي كنت كنتسنا لموت صافي وحتى عمامي ملو من حالتي تا وليت مولفها دابا ولا كتخف عليا ولكين مزال فاش كنفكر فلموقف كنبدا نبكي نبكي",triste
ناري شحال بكيت 😢😢,triste
ا😢😮,triste
انا وقع ليا نفس الاكتئاب ديالك وليت كنخاف من الموت وفليل كنحس بان ملك الموت غادي يقبض روحي وهو غادي يبان ليا ولات كطلع معايا الخلعة وكنتخنق صافي نمشي نجري نشغل ضو ومكنعرف مندير واش نقولها لماما ولا بلاش وهادشي بسباب الموت ديال جدي كان عزيز عليا بزاااف الله يرحموا ومن بعد شهرين ماتت جدة تماما الله يرحمها يارب ولا الناس كيموتوا بزااف حدانا كنقول انا نوبتي المرو جاية وكنقول غادي نموت وانا مكنصليش وكيما قلتي بديت نصلي دخلاتني ماما لدار القرآن وخرجت من هاد الاكتئاب صراحة صعيييبب والله الله بنجيكم منو 😢,triste
بحالا كتعاودي داكشي لي كنعيش😥,triste
سبحان الله دابا جيت من مور عام ملي كان فيا الإكتئاب والوسواس وكنت ملي كنتفرج فهاد الفيديو كنرتاح شوية ودابا فعلا للاسف جدي يلاه مات هادي شهر ونص دابا الله يرحموا ❤,triste
بكيتيني والله😢❤,triste
ولله هيل بكيتيني 😢😢😢😢😢❤❤,triste
B9iti fiya bzf wlh😢😢,triste
حتى أنا جاني الإكتئاب وأنا باق صغير حتى أنا كنخف من لموت بزاف ومنين كنجي نعس كمتخيل غدًا معنديش يفش غنموت وفيجي شيزلزلل انا فعمزي١١لعام دبا تحسنت شويا ولكن منين كنجي نعس حيجيني تخيل دبا أنا عرف بلي هدشي بزاف ديال ناس فيكوا بغاو ليكا بغاو لفلوس لا الهيبادالله سلمي على ريحان وسلمى أنا راني كنتبعكم بزاف❤😢…….,triste
😢😢😢😢😢ليعفو,triste
Tratli nfss l7aja knt kan9ra f 3ac ou knt kanbghi wahed dri ou bsbabou wlaw kayxdouni des crises de panique ou ldaba mzl kayxdouni ou lmoxkila s7abati wa9fin m3aya mais ta w7da ma7assa bdakxi li kan3ix 7it bsh dakxi s3iib bzzf. Katwli kat7ssi b9lbk kayt9t3 ou kaybda kaydrb mjhd ou katbdaay tkhn9ii ou kaywliiw ydk bardiin ou bzzf dl7wayj mhm aswaa2 cho3or f L7ayaat💔💔,triste
نفس الحالة  الي دزت منها عام وهاد عام تاني ودابا كنتعالج بالأدوية 😢😢😢,triste
Tana kane kijini nefs ihsase 😢,triste
😢وراه تادبا مكاديريش الزيف,triste
انا كنقر فالسابعة فايت وقع ليا بحال هدشي كنت كنبكي و كنتزير بزاف والحمد لله ❤❤,triste
اصعب حجا الاكتئاب لي مجربوش مغيعرفش بنسبة لها الفيديو اثر فيا بزاااف حتى دموع كيطحو لي,triste
قصتك قاستني بزاااف خصوصا انني حاليا كنعاني من إضطرابات الأكل وبوليميا وإكتئاب وهدشي 3ans وهو فيا ومقداش نتخطى وتاحد مافهمني 😢💔,triste
khti ta ana kano fiya nefs had l2a3raad kent dima kankon barka kandhk takanbda nbki bouhdi o mab9ax 3ziz 3liya nkhroj mn dar wlit ghir sada 3liya o kanbki o fax kansme3 sda3 kanb9a nghwt nghwt mais hadxi makayjinix dima ba3ed lmarat kankon 3adiya farhana en plus ana wahed lbnet dahokiya o msatya ana hiya dik li kadir jaw fl3a2ila fclasse m3a shabatha kent kankol ana bouhdi ta hed makayfhmni wakha n3ya mandwi ta hed maghayfhm dakxi li kanhs bih bon mama hiya li 9riba liya bzff wlat katn3es hdaya o tb9a t9ra 3liya lQuran b9at m3aya hta wlit kansli xwiya bxwiya hta wlit kansali o mansax 3awtani shabati li tahoma 3awnoni bzf mhm ta ana kan kayhsbni ana bouhdi li haka sa3a bzff mhm lhmdlhh o lay yxafi ayi mridd o kanseh ayi hed mridd bxi haja it9arb men lah hit makaynx xi dwa hsn mn ta9arob mn lah byby 🥺💖,triste
آه بصح حتى أنا مات خويا وأنا فثامنة وعشت هاد شي ولاكين أنا خرجت راسب براسي وعاوناتني صلاة وحق الله الله يرحمو ويرحم جميع اموات المسلمين والمسلمات,triste
nfs l9isa w f sinkyam niit mayhs gha li mjarb😢,triste
ولله تابكتيني❤😢,triste
ميحس بالجمرة غير لكواتو💔لوسواس لقهري,triste
انا مكاتبا او غير كانبكبي 😢او كانتعصب او مكنمحلش جسدي وليت خااايبة😭💔💔كرررهت رااااااااسي عفاااااااااااااااك جاوبني زييين طلعني في فيدو ✨💔💔😭او مكنحملش لخير لناااس او محسااادة 💔😔😔,triste
حتى أنا عقلا نهار ماتت بكيت دارت بيا دنيا والله ،. ميمكنش صدمة و الإحساس لي حسيت بيه ديك ساعة.. و لموت ديال البسطاوي الله يرحموا حتى هو بكيت ،. عزيز عليا بزاف الله يرحموا فهاد نهار يا ربي,triste
انا جاتني هد لحالة فمووت خوويا لي رحمو 💔,triste
حسيت بك والله تبكيت😢,triste
حتى انا كنقرا ف سانكيام او ماما كان وقع واحد نقاش كبير مابين ماما او بابا تخاصمو 6 اشهر او هما مفارقين صافي ولات دنيا كحلة فعيني كنت باغة غير نموت مبقيت كنحمل حتى واحد مكنبغي حتى واحد يجي عندنا  كنت دخلت فكتأب حااااااد او بصح هاديك لقادية ديال فاش كيعنقك شي حد باش تطمأني الله يسمح ليا من ماما مسكينة تعدبات معاية كنت كنمشي لمدرسة حتى كيعيطو  ليها كيقولو ليها أجي دي بنتك حيتاش كنت كنبقا نبكي غير بوحدي او تعدبات معاية فصبيطارات او كتفيق معاية بليل او نبقة نبكي نبكي او هي مسكينة كتعنقني او تبكي معاية او لي خايبة هي ان بابا مكانش معانة او هادة هو سبب لي خلاني ندخول فكتأب او هادشي غير شوية من بزاااف احمد الله على كل حال,triste
سبحان الله بحال كتهدري على حياتي والله تعجبت بالديطاي كولشي عشتو  بداني فاش كانت عندي 19 ولكن للأسف أنا لحد الأن مريضة مقدرتش نخرج من عالم الأمراض النفسية حياتي ضاعت عمري 30 عام ومدرت والو فحياتي من غير أني عايشة فبيتي بوحدي كنخرج منو غير ناكل ونرجع ليه مشحاااااال هادي مخرجت برا سنيييييين  متصوريش مشحال توحشت نعيش فدنيا بحال ملي كنت صغيرة مي الحمد لله مكتاب الله,triste
هاد شي لي كتعودي هو لي فيا دبا كنحس فحال لكتهصري عليا دبا عام او هو فيا باقي نفس لمشكيل مخليت فين مشيت رقات كاملين مشيت عندهم 😢😢😢😢,triste
وشنو هوا عالجوا اختي داب انا فيه😢,triste
اخيب حاجة هي الوسواس ديال الموت و الامراض عام دابا و انا باقي فيا 💔,triste
الله ياختي بكيتينا,triste
"حتى انا فاش كنت صغيرة وجاتني حتى انا على لموت كنت تفرجت فڤيديو ديال الموت وليت كنسمع عليها بزااف وليت كل ليلة كنبكي وكنت كنعس قبل من دار كاملة غير باش يونسوني ونعس حيت مكنت ݣلتها لتا شي شيحد وتاني الى مدانيش نعاس قبل مينعسو هوما كنت كنمشي عند ختي وكنݣول ليها شدي بيديا حتى نعس وكانت ملي كتسولني كنت كنكول ليها والو غير خايفة وصافيحيت مكنت عارفة حتى شناهو الاكتئاب وحتى الى كنت بغيت نكولها ليهم مكنتش غادي نعرف نوصف الحالة ديالي ولكن ملي كبرت عرفت لحالة لي كنت فيها وباقا كنعقل كان جا لعيد وليلة تاع لعيد مدانييش نعاس حيت بت ليل كلو وانا كنبكي وكنݣول ناري أنا غادي نصبح ميتا وجيران غادي يصبحو معيدين وعائلتي غادي يصبحو على جنازة عرفتي وكنبكي ربي لي خلقني 
ولكن من بعد وليت كنصلي وكندعي ربي
واحمد لله دبا تشافيت وبلا حتى واحد حيت كيف ما ݣلت ليك مكنت قادرة نݣولها حتى لصحاباتي ولدابا مفراس حتى جواحد أقسم بالله 🙂ولكن مزال شي بعض المرات قبل مانعس كنتفكر أش داز عليا وكنتفكر بلي كنت بوحدي وكنبدا نبكي ""والحمد لله على كل حال""",triste
او انا علاش بكيت واش يمكن حيت نفس داكشي لي طاري ليا🥺,triste
Nafs chi li kan7s bih daba kolchi b7al b7al lah yfrjha 💔,triste
ختي خولة أنا دبا عندي 15 سنة و فاش سمعت هاد لقصة ديالك  بكيت معاك و حتى أنا دبا مشي فيا كتيئاب ولاكن أنا داب منعازلة بزاااف و من بعد ما كنت إجتماعية وليت منطوية عن العالم,triste
حتا أنا فايت جاني او كيرجع او دابا نيت او دوزت الوسواس ايقتلني حتا انا كانوا هاد الافكار كيقتلوني الموت جهنم عذاب القبر او او غيموتوا والديا او عاود خايفة حتا ليموت سيد لي معاه حيت مريض الله ايشافي جميع المرضى ياربي🤲او ياربي ايرحم جميع الاموات🤲ياربي لهلا ايخطي علينا والدينا🤲أنا ديما تنطلب الله ايكون نهاري قبل نهار والديا🤲,triste
3rftou Wlh m3rft 3lach bkiit mn 9lbi ma7ssit fbrassi 7ta l9it dmou3 ki7btouli fkratni fjdati lah ir7ma kant 3ndi 3ziza bzaaf😔,triste
حاس  بيكوم  😨😨😨😨😩😩😩,triste
انا كنعيش دابا هاد الحالة كنحس بي مشكل ديالي معندوش حل عندي وسواس بزاف سيطر ليا على حياتي مبقتش كنمارس حياتي بشكل طبيعي عيت انا توجهت الله سبحانه وتعالى يوقف معايا ويكون في جنبي ويقويني طبيب فال ليا عندك الاكتئاب حاد دابا كنشوف حل وحيد لي عندي هوا نموت باش نرتاح في نفس الوقت كنقول انا تعدبت في دنيا ونزيد نتعدب حتا في الاخرة هاد شي لي منعني من الانتحار اي واحد شاف هاد كنطلب منو دعي معايا ربي شافني من هاد الافكار وربي يسترها معايا يارب,triste
والله اختي نتي راكي تعاودي او دموعي يهودو بلا منحس او ماكانش يحسابلي بلي الاكتئاب صعيب حتى الهاد درجة او الله يشافي اي واحد مريض بالاكتئاب,triste
هاد الاحساس جربتو فالسابعة حسيت براسي بحال الا قربت نموت وبقيت كنبكي,triste
"ناااري ميمكنش كنسمع وشداتني البكية
نفس نفس نفس القصة لحضة بلحضة",triste
ناري هدشب وقع ليا بسباب كورونا وشحال من واحد مات داب اوقلبي دارني💔💔,triste
انا معلبليش لا عندي اكتأب ولا لا بصح نحس بلخوف نخسر عبد عزيز عليا و راني في واحد الفترة وليت منكلش و نحب نقعد غير واحدي و منسمعش الهدرة تع دار و كرهت نخرج تع خايفة من شوفة ناس و نخاف نخرج و نندم نولي لفراشي و نقعد و منرقدش بزاف حتا زاد عليا لحال و ليت منتحركش و منقدرش نهدر و نصفار و نزراق و رقبتي مشبوحة و منقدرش نتنفس و راسي يوجع و معا المغنزيوم و فيتامين B 12 w 1 w 6  وليت شوية وليت منحوش على عبد يهتم بيا نحوس على عبد يقولي واش بيا💔💔💔,triste
سلام عليكم أن هدى في الاكتياب الله 😢😢😢😭😭😭😭😭😭😭😭😭😭😭😭,triste
Ana 3ad jani had l3am knbky dima blil yawmyn 7as biya khir rassi 💔💔💔💔,triste
عندنا انا وياك نفس القصة انا السبب هو أن ولد جارنا كان مات و ملي كنت سمعت انه مات و هو كان بيني و بينو عام صافي و بقيت كانقول العام جاي غادي نولي قدو غادي نموت و ملي قالو ليا نمشي عند طبيب ماتقبلتهااش قلت زعما عتابروني حمقة و الاحدات لي طراو ليك كلهم بحالي ....❤,triste
"narii bim3na 7ta ana mrida chadni mli mat salah dine elghomary

😭☹☹😭😭😭😭😭😭",triste
والله حتى حاسة بيك حيت عندي نفس المشكل 🤦‍♀️💔💔,triste
أخيب احساس ممكن تعيشيه ميحس بيك غير لي مجربو😢😢😢,triste
أقود حاجة   خرجات ليا  على حياتي  كاملة  ضيعت  كلشي  فحياتي ، قرايتي  خدمتي  عائلتي  بابا مات بسبابي  ...........,triste
والله حتا كايوقاعلي فحالي وقاعلك 😪,triste
نفس القصة سبحان الله والله حتى صعيب الاكتئاب 😭💔,triste
3ndi NFS la3rad dialk walakin lasaf😞,triste
nti kthdri w ana kntfkr rassi bhalila kthdri 3liya s3iiba bzef hd lhala tkhyli ldarajat kant ktbn liya dik li kyhzo fiha lmota wkngol sf hdi 3alama dyl lmout rh 9rbt knt knkrh nsm3 chi hed mat hdana f lhey kngol sf lmout ba9a hdana wghdi tji 3ndi ms hmd lilaah 3la koli hal lh yvhafi ga3 nass yarbi 💕,triste
كانت وقعات ليا والله 😭😭😭😭😭ميحس بيك غا لي مجرب والله 💔,triste
تا أنا طرى لي فحالك غا العكس أنا مات ليا ولد عني لي كان فحال خويا أو ولا عندي الخوف من الموت ونعاس مبقاش كيجيني نعاس مي أنا ممشيتش طبيب دبا مزال شوية باقي فيا هد شي وبصح الصلاة مقراءة القرآن وذكر هما لي كيخففو عليا بزاف وبا ربي تشافيني وشافي أي مريض,triste
انا توأم ديالك فهاد قصة نفس القصة مع نفس الشخصية غير بارح طليت على تصاورها وبكيت  وتصدمت وكنت شفت فيديو فليل وبكيت واحد بكا خيالي  هستيري الله يرحمها و ضرني قلبي بزاف واكتئبت,triste
nfess lhaja w9e3at lsahbti mat liha babaha ojahatha sdma katkhn9 o makat9dch thdr lh laaan,triste
Hasa bik bzaf mni mat khouya bhalak tamaman ana kant kantkhayal chi wahd na3as hdaya ou mchit ta ana dart rou9ya ou kant kat9ra 3liya lmra ou kan3as ta ana ou fach katjini ana kantakhla3 ou kanbghi tahad yb9a m3aya kant kanbghi mama tb9a hdaya kant kangoul tahiya gha tmout bhal khouya ou bghit mn 2018 Tal 2020 ou ana kanchrab gha f dwayat bach n3as db wlit chwiya tn9ast 3la lawal db hmdlh wlit kanhdar m3a bnadam ou kankhraj ama douk liyamat kant kanbghi nb9a rasi,triste
😭💖💖💖💖💖,triste
انا راني بكيت عليك  والله الحمد الله 😫💖,triste
ربي يشافيك حنونة راني حاسة بيك جوزت على نفس المراحل الاكتاب صعييييييب بزاف راني معا الوالد ربي يشافينا,triste
انا ا اختي مات. صضيق او اخي بساب al ktiabمات مشنوق من بعد حتا انا شدني iktiabعام او انا كان نعاني او الدابا كان نعاني حيت مات ليا واحد شخص لي بصح توحشتو بززززززززززاف البنات دعيو معيا معرفتش شنو غان ندير الخدمة دار ما بقيتش بيخير ولله مشيت الطبيب او عطني دوايات مليت و عيت 💔😢💔💔💔,triste
سلام ختي خولة عفاك انا بنت عندي 23 سنة ومزوجة وعندي جوج بنات عندي إكتىاب وبغيت نسولك حيت نتي ضريفة واش دوا لي عطاك طبيب ماشي إدمان انا عطاتني طبيبة وخفت نشربو كناخد غير الماغنسيوم أو دوا سميتو solian وغير 50mg كنتمنى تجاوبيني,triste
هادشي لي تتعودي هو لي طرا ليا كولو وحتى واحد متيفهمك 💔💔 انا مكنتش تنقدر نخرج تنخاف لنموت فزنقة,triste
💔💔💔,triste
5ti ana db fhal likan3icho 3mti 14 ans mab9itch kanhml hta wahd wlh wzaydha jrbt Lhob wlkn rir 3yit rasi wsafu 3afakom chno ndir ana db wlit knfkr fhwayj 5ayba bzaf 😭😭😭💔,triste
يا ادي راني نفوت فيها درك كتعبت مقدرتش نفوتها 🥺🥺🥺🥺,triste
😢😢😢😢😢😭😭,triste
الله يرحمو مسكين 😢,triste
الله يرحمه  ويغفر له ويسكنه فسيح جناته ويصبر اهلو والديه آمين يارب العالمين إنا لله وإنا إليه راجعون اللهم اغفر له وارحمه يارب,triste
شكون لي توفى واش الإبن؟,triste‏سلام عليكم أنا لله وأنا إليه راجعون الله يرحمه ويجعل مثواه الجنة ‏سي بسطاوي,triste
ياله توافت مي الله يرحمها ويغفر لها بي شهر ؤتوفا مسكين سي محمد بسطاوي جبد وحد جرح كبير الله يرحمهوم يارب ؤدغيا دازت وقت,triste
الله يرحمه. البقاء لله,triste
Lah ira7mo ya rabi inx Alah 💔😔,triste
الله يرحموا ويوسعها عليه طيب نحبه حب دون مقابل حب في الله الله يرحموا رحمة جميلة 😢😢😢😢,triste
سميتها سعاد ماشي نجاة,triste
😭😭😭😭😭😭😭 واش عرفتو اش نو خسرنا راه خسرنا روح الي معايا اتأبونا فالقناة,triste
Lah ira7mo kantar7m 3lih kol mara kancho hit kan 3ziz 3liya bzaaaaaàaaf😭😭😭😭😭😭😭😭😭😭😭😭😭😭😭😭😭😭😭😭😭😭😭😭😭😭😭😭😭😭😭😭😭 da3na fih maskin,triste
الله يرحمو مسكين,triste
كان الممتل المحترف 😭😭😭😭😭,triste
الله يرحمو مسكين,triste
😢😢😢,triste
البراكى فراصك الوليدى الله يعدم 3لأجر ويبدل محبى بي صبار💔💔💔,triste
yarbi trahmo a3aze momatile 3ndi,triste
وصافي اللي مات الله يرحمو واش غيخلد قالت ليك طار علي اسلوب  كلش كيموت شكون غيخلد في الدنيا,triste
الله يرحمه,triste
الله يرحمه  2019,triste
😢😢😢😢😢😢 Allah ij3lo mn abwb jana 2019,triste
😭😭😭😭,triste
الله يجعل قبره روضة من رياض الجنة .اللهم افسح له في قبره مد بصره وابدله دارا خيرا من داره واهلا خيرا من أهله وارزقه الفسحة والسرور والبهجة والحبور.,triste
أقسم بالله حتى تصدمت مني عرفت محمد البسطاوي مات ممتل حنون كنبغيو بزاف باقي حتى الآن,triste
سعاد النجار الله يرحمه ويغفر لنا و له,triste
الله يرحمه ويسكنه فسيح جناته,triste
😢😢😭😭الله يرحم إن لله وإن لهم راجعون 😢😭😭,triste
il était un vrai homme rabi yarahmou nhabou bezef khsara kbira on vous embrasse depuis l'Algérie adieu.,triste
Lah yssabrak w lah yrahmou w wassi 3lih 9ôulou amîiiiin .. Sara kan ahssan momatil kan afdal l noujoum lãh yrahmoū,triste
alah yrahmou lbaraka f ryouskoum ahssam moumatil chafnae f hyatna akhlakou hassana alah yrahmou,triste
كان ابي ورحمة الله عليه اخي صديق    ماعمرني  نساه  خطوات كلام صارمتو  اللهم اغفر له,triste
"كلمات أغنية يا الجرح برا
للراحل محمد الحياني
1943-1996
نظم الفقيد علي الحداني
1936-2007
ياك الجرح برا وقلت لاباس القلب انساه
وجاي تفكرني وترغب نتصالح معاك
لاترغبنيش قلبي ما يبغيش
ومعاه الحق ذاق وجرب حر هواك
واللي تنساه اليوم خاف منو
غدا ينساك

*/*/*

ما نثيق بكذوبك اللي اشحال 
من مرة كذبات علي
ما نثيق بكلامك اللي حلاوتو 
كانت تلعب بيا
دارت ليام على اللي خان 
واغدر ودي
شوف النية جابتك عندي
واللي كان غالب ولا مغلوب
وجات نوبتو يترجى ويذوب
.
ولا ترغبنيش قلبي ما يبغيش
ومعاه الحق ذاق وجرب حر هواك
واللي تنساه اليوم خاف منو 
غدا ينساك

*/*/*

قلبي اللي زمان فنار اشواقو
عاش منسي
حتى ذاب خلاص ما بقاش 
حبك فعماقو
خانو الحظ وندم وتاب
شحال من مرة 
خلّيتي الورد فيدي يذبال
شحال من مرة
بدلتي أملي بالمحال
لاتفكرني فلّي فات
نار الشوق من زمان طفات
.
ولا ترغبنيش قلبي ما يبغيش
ومعاه الحق ذاق وجرب حر هواك
واللي تنساه اليوم خاف منو 
غدا ينساك",triste
ابدأ واش جرح فقدان الوالدين واش يبرا سأل المجرب😢,triste
أمي الله يرحمك😭😭😭,triste
"الله يرحمك يا أمي و أبي الغاليين على قلبي ويجعلكما من أهل الجنة في الفردوس الأعلى آميين يارب العالمين.
في حياتي مانساهم تحطمت بزاف على فراقهم 😢😢😢😢❤❤❤❤",triste
فقدان الاب صعب لا يعرفه الا من فقده رحمك يا أبي الغالي,triste
متبقاوش تفكروا اهلكم الميتين بلأغاني جزاكم الله خيرا الله يرحمهم,triste
لاحول ولاقوة الا بالله العلي العظيم ،منذ وفاة امي وانا ميتة بداخلي بركان يغلي من شدة لفراق والم وحزن وانكسار أسأل الله تعالى أن يرزقني الصبر على فقدانها.,triste
بكل الم وحزن هاذه الاغنية الراءعة تذكرني باغلى الخبايب والداي الله يرحمهم ويحسن اليهم منذ وفاتهم لم اذق طعم السعادة,triste
😢,triste
والله ماكيبرى جرح الوالدين 😢😢😢كيبقى العمر كامل,triste
😢😢💔💔,triste
فقدان الوالدين وأولاد عمرهم يتنساو 😢😢😢,triste
اغنية جميلة كلمات وصوت على غرار ايقاع و مغنيين الزمن الجميل دائما مميز في آختياراتك ❤❤❤ موفق إنشاء الله,triste
عمر جرح با حبيبي ميبرا الله يرحمك ابا ويرحم جميع موتى المسلمين 😢,triste
لو كنت تفهم كلمات آلاغنية لما قلت ينعي اباه,triste
أصعب جرح في دنيا فقدان للوالدين,triste
اذا مات ابن ادم انقطع عمله الا من ثلاث، علم ينتفع به  اوصدقة جارية او ولد صالح يدعو له ،والبسطاوي رحمه الله خلف ابناء نعم التربية ونعم الاخلاق,triste
نهار مات بأه شحال بكيت حتا عينا وآلات فيهم بحال رملة لله يرحمو ويرحمنا,triste
الله يرحم أبي وأمي وأختي ويرحم جميع الأجداد ويرحم جميع  أموات المسلمين والمسلمات,triste
وليداتو فنانة ربي يرحمه في الجنة النعيم انشاء الله أسامة موسيقي,triste
سيدي محمد الحياني 😢,triste
تفكرت الوالد وادفرت الدموع,triste
😢😢❤,triste
ألم الفقد لا يشفى ولكننا تتعايش مع ألمه... فقدت والدي الله يرحمه منذ 2014 و لا زلت أتألم لفراقه.. الاب هو السند هو الدعم... ترك بيننا فراغا لا يملأ أبدا,triste
الله يرحمه ويغفر له,triste
"🔴 ""ياك الجرح برا"" 
إنها الأغنية الراقية في الزمن الجميل
كلمات : علي الحداني 
ألحان : حسن القدميري
 وكان أول لحن للأستاذ القدميري للمرحوم محمد الحياني . 1968
غناء :  الفنان الوسيم المحترم المرحوم محمد الحياني",triste
"اللهم ارحمه واغفر له واجعل قبره روضة من رياض الجنة.
تبارك عليك اداء رائع.❤",triste
عندكم الحق فقدان الأم لايوازيه اي جرح الله يرحم ميمتي وجميع الميمات,triste
لي ولد مامات سبحان الله فوطوكوبي عليه وعاد عندو صوت واعر وخا هكاك متلاحش الأغاني مكيغنيهش مخلي راسو غير في الثمثيل فنان شامل ❤❤❤,triste
😢😢😢❤❤,triste
"أسكن الله ذو العزة والمهابة ، فقيدنا الفنان السيد محمد البسطاوي ، رحاب جناته العدنية ، تجري من تحتها الأنهار ، خالداً فيها أبداً ، وسائر فنانينا المقتدرين المتوفين ، وأمة الإسلام قاطبةً !
مبدع ابن مبدع ! مسار موفق!",triste
كن شفتو فقدانهم بزوج الاب والام صعيب بزاف ميحس بيه غير لي مجربوا بحالي الله يرحمهم,triste
موت الأب يكسر أي فتاة طول عمرها لأنه بيكون السند ليها😢😢,triste
حرج فقدان الوالد عمر يبرأ 😢😢😢😢 متحس بيك غي لي فقده,triste
حرقة وجرح الوالدين وفراقهم ما عمر ميبرا😢😢,triste
"حتى انا امي ماتت 2007,معمري مانسيتها الله يرحمها.",triste
فراق الأب صعب عندما فقدته فقدت الأمن والسناد 💔💔ربنا يرحمهم جميعا يارب,triste
صوت حساس وشجي ما شاء الله خسارة مكملش فالغناء فنان متكامل وموهوب,triste
جرح وفاة أمي لايبرى ولايشفى,triste
خسارة هاد الموهبة والإحساس الجميل لم يستمر في الغناء. رايع بأدائه سواءا في الغناء أو التمثيل,triste
فقدان ابي خلف فيا واحد العقدة لم اعد اشعر بطعم الحياة توحشتو بزاف,triste
اغنية من الأغاني اللتي كانت تعشقها المرحومة حبيبتي بعد عشرة 30 سنة عن وفاتها رحمها الله، ولازلت اعيش الحزن والمٱسي من بعد رحيلها، ومنذ أن فقدتها وانا حزين ولم افكر يوما في ان اتزوج امرأة أخرى.,triste
رحيل ابي توفى سنة 2006  امزلت اعاني من فراقه الله يرحمه ويغفر له ويسكنه فسيح جناته هو جميع المسلمين,triste
منتيق في دموعك.  منتيق في كلامك!!!!,triste
الله يرحمك يا رب والله انسان محترم محمد البسطاوي قمة الابداع😢😢😢😢,triste
يبكي الراحل اوا الله يستر,triste
مسكين 😢😢😢😢😢😢الله يرحمه,triste
😢😢😢😢😢,triste
الله يرحمك ويسكنك فسيح جناته😢😢😢😢,triste
اليوم توفي الصحفي السوري صبحي عطري نسأل الله له الرحمة والمغفرة مما جعلني أتذكر الصحفي المغربي محبوب الجماهير رحمه الله 😢إنا لله وإنا إليه راجعون,triste
النساء تاهما داخلين المقبرة لا حول ولا قوة الا بالله 😏😏، الطلبة كما يقولون😏قلنا ليهم القراءة القرآن على الميت بدعة ،بدعة ،بدعة ⛔⛔⛔⛔⛔⛔،سيرو تعلموا دينكم ،أو بركة من البدع، لا حول ولا قوة الا بالله,triste
انا لله وانا اليه راجعون...الله يرحمه ويغفر له..اول مره اسمع فيه....لكن واضح من هذه الجنازه حب الناس له...الله يرحمه ويرحم امواتنا وجميع موتى المسلمين..,triste
😭😭😭😭😭😭😭😭😭😭😭😭😭😭😭😭😭😭😭😭🤲🤲🤲🤲🤲😭😭😭😭,triste
لا نقول مثواه الأخير ، هذا قول الملاحدة و العلمانيين و الليبراليين الذين لا يؤمنون بعذاب القبر و بالبعث....اللهم اغفر له و ارحمه و أغفر لسائر المؤمنين.,triste
الله يرحمك ياصلاح الدين الغماري ويجعلك من أهل الجنة مع النبئين والصديقين والشهداء والصالحين ويرحم جميع اموات المسلمين إنا لله وإنا إليه راجعون 🤲😭,triste
الله ايصبرنا على فراقو حليمة من ايطاليا المغرب احسن خلق الله ياربي صبر العاءلة صغيرة وجميع لمغاربة احنا هنا في إيطاليا بحال لي مات ليا خويا الله ايرحمو🙏🙏🙏🙏🙏🙏🙏😭😭😭😢,triste
جنازة  ديالو غادي تبقى في تاريخ ناس مابقت  تهمهم  الكرونا لا حتى حاجة محسوش  من كتر حب ديالو الله  يرحم في هدا النهار,triste
بكيييت,triste
اللهم ارحمه و اجعل قبره روضة من رياض الجنة,triste
والله غير بكيت عليه و حرقتني موته ربي يرحمو وينعمو يارب عزاكم وعزانا واحد من الجزائر,triste
"الناس... واش مكتعرفو حرام تمشي النساء في الجنائز.. ولا ديك الغوت.. واش نتوما مسلمين وللا شنو
الحمد لله في الشمال ممنوع هادشي.. تغوت يحريو عليك وخا يكون باك... بكي عادية ولا تلقي امرأة في الجنازة.. الجهل هدا عندكم مستفحل.. رجعو قراو دينكم كلسو في الديور ديالكم ونتوما مدحسين مع الرجال وماشيين. اويلي ع كلاخ",triste
كلمة مثواه الاخير   لا اصل لها لان المثوى الاخير هو الجنة او النار نجانا الله منها فلهذا قد يمر الانسان بعد موته الى عدة مراحل ثم ينتهى الى مثواه الاخير كما ذكرنا سابقا . فاسالوا اهل و اهل العلم . ورحم الله موت المسلمين      امين,triste
شنو بينو وبين الله حتى يحبوه الملايين اقسم بالله تشوينا كأنه فرد من العائلة لحد الان كنشوف هاد المقاطع وماكنقدرش نحبس دموعي الله يرحمو ويوسع عليه ضيقة القبور ويرزقو الجنة يارب ويصبر ميمتو وولدو والناس القراب ليه,triste
"لا إله إلا الله
الله يرحمه برحمته الواسعة 
هذه هي الحياة الدنيا لاتساوي شيئا",triste
انا لله وانا اليه راجعون كل نفس ذاءقة الموت .الله يرحمو ويجعل مقامه الجنة جنة الفردوس ويصبر عاءلتو .لكن للاسف الشديد ماكان يدعو اليه وينصح به ضرب عرض الحاءط والكل تجمهر وتزاحم والتقط الصور والنساء يتزاحمن مع الرجال وهن ذاهبات مع الرجال الى المقبرة وكان الجاءحة التي قتلت العديد من الاحبة واصابت عدد ا   كبيرا من المغاربة لاتوجد .صحيح احببنا هذا الصحافي لانه كان يدخل بيوتنا ويوصينا كي لا تصيبنا كرونا فنقد اعز انسان على قلوبنا لكن ليس بهذه الطريقة نعبر عن حبنا لهذا الرجل العظيم. .ولنعلم جميعا ان كل واحد منا اجله ات ولامفر منه سواء طفلا او شابا اوكهلا .فنعمل لدنيانا كاننا نعيش ابدا ونعمل لاخرتنا كاننا سنموت غذا  .لنتق الله في انفسنا وغيرنا .فلاراد لقضاء الله .,triste
إن لله وإن إليه راجعون 😭😭😭,triste
حبيب ابن ديالو 😭😭😭,triste
جنازة تقشعر لها الابدان ربي لي عزك فالدنيا الله ارحمك رحمة واسعة,triste
"الله يرحمك للي بغاه الله حبب خلقوا فيه هذا يكفي ختو قالت كلمة خففت علينا شويا ""ماشي خسارة فالله""",triste
الله يرحمه ويصبر عاءلته,triste
عندما تخاطب المغاربة بكل وضوح و تكون صادقا معهم فإنك ستحضى بمكانة عالية في قلوبهم و هذا ما وصل إليه المرحوم صلاح الدين الغماري!,triste
لي رحم وجميع ناس المسلمين والمسلمات,triste
غادي تعيش ديما في قلوب المغاربة لي كلهم تيدعيو معاك بالرحمة سعداتك راك عمرك ما تموت في قلوبنا لي ونستيها وهي في سجن الحجر الصحي  قلوب المغاربة حزينة بفقدانك وانت عمرك ما تموت في قلوبنا,triste
إنا لله وإنا إليه راجعون,triste
رحمة الله عليه واسكنه فسيح جناتك يارب العالمين 😪😪,triste
😭😭😭😭😭😭الله يرحمو ياربي لساني عجزة عن الكلام إن لله وإنا إليه راجعون الله يصبر اهله ويصبرنا كاملين,triste
الله يرحمه ويرحم جميع المسلمين,triste
الله يرحمه مسكين .تقو لله العيلة مزاحمين مع الرجال في المقبرة والله إلى حشومة وحرام التقو لله,triste
لو كان حيا لما قبل أن يتجمهر الناس زمن الكورونا حشومة ايه المغاربة كيحبوه ولكن التجمهر يقدر يسبب الزيادة في كورونا مسكين داك الشي اللي كان كيقنع به المغاربة ماطبقوه الله يرحمه ويصبر أهله,triste
العيالات اش كيديرو في مقبرة,triste
"Layrahmo mskin layj3alote ljna yarbi Al 
Koht 😭",triste
هو في المغرب بيندفن المتوفى بالصندوق ؟؟؟,triste
"شكون كيحس براحة نفسية من كيسمع لقرأن 
الكريم 😘❤❤🤗
خوتي الله إحفضكم أو إنجحكم ديرو ليا غير أبوني 😪",triste
الله يرحمه ويغفر له ويسكنه فسيح جناته,triste
"ماهذه التفاهات والحماقات! صحيح الإعلام يصنع التافهين . من هو هذا لكي تشيع جنازته هكذا ! صحفي عادي . حتى الأخبار كان يقدمها بصعوبة كبيرة . ومستواه في اللغة العربية ضعيف جدا . قدم برنامج سوقي يتوجه فيه إلى عامة الشعب من الجاهلين . وتبع جنازته التافهين والغير المثقفين .الذين تعاطفو معه لأنه يتكلم بمستواهم الثقافي البسيط. 
لاحول ولا قوة إلا بالله . مات الكثيرون من العظماء الأتقياء .طو الذين لا يعرفهم الناس ولم يتبع جنازتهم أحد . رحمكم الله يا مؤمنين لكم الله  !!",triste
سبحان الله إدا حبك الله حبب عباديه فيك الله يرحمه ويغفر ويسكنه الفردوس الأعلى يارب العالمين 🤲😢,triste
دموعي مازال كتسيل على هاد السيد🥲 وخا ماكانعرفوش سبحان الله عطاه ربي قبول رهيب والدليل ان جنازته لم يسبق لها مثيل خصوصا في زمن كرونا هذا إنسان محبوب عند الله .الله يرحمه ويجعل مثواه الجنة🤲🤲,triste
Ina lilah wa ina ilayhi raji3on 😢😢😢,triste
Ina lilah wa ina ilayhi raji3on 😢😢😢,triste
جنازة رهيبة تبرهن مدى حب المغاربة واعترافهم للمواطن الغيور والخدوم لوطنه وملكه اسكنه الله فسيح جناته وجميع المسلمين,triste
لله يرحمك اخوي صلاح لله يرحمو لله يرحمو لله يرحمو لله يرحمو لله يرحمو لله يرحمو لله يرحمو لله يرحمو لله يرحمو لله يرحمو لله يرحمو لله يرحمو لله يرحمو لله يرحمو لله يتبتو عل سوأل لله  يتبتو عل سوأل  لله يتيتو عل السوأل لله يتيتو علسوأل اجل فقيد أخ صلاح الغماري اطيب الخلق شهدلي لله حرقن في القبن وفي جميع القبوب المغريب لله يرحمو ويجعلو من اهل الجنة,triste
الله يرحمه ، ولكن كون كان عايش وشاف هادشي  كون  مسكين  تصدم   ، راه كورونا متزال بيننا,triste
"يارب ارزقني جنازة بحال جنازة اخي صلاح يارب 
الله يرحمك اخي العزيز والكريم صلاح
إنا لله وإنا إليه راجعون",triste
ونعم الصحفي ونعم الصحفي كان معانا في محنة كورونا والمغاربة كلهم يبكيو في ديورهم,triste
إنا لله وإنا إليه راجعون ولاحول ولا قوة الا بالله العلي العظيم ومنه العوض وفيه العوض يارب يارب  آمين والله يرحمه ويغفر له ويسكنه فسيح جناته ويرحم أمي وجميع موتى المسلمين ويجعل مستقرهم الفردوس الأعلى من الجنة بدون حساب ولا سابقة عذاب يارب يارب يارب آمين و الله يجعل قبورهم رياض من رياض الجنة يارب آمين 🤲...... لكن للاسف  منظر على قد ماهو مفرح للكم الهائل من الناس الذي تبعت الجنازة وهذا دليل على حب اللع تعال له الذي حبب فيه كل الشعب المغربي وجعله يحزن لرحيله .....على قد ماهو مؤسف اولا لوجود خطر مرض كورونا نسأل الله السلامة والعفو والعافية والمعافاة الدائمة في الدنيا والاخرة لنا وللجميع  يارب يارب يارب  آمين 🤲.... ثانيا لعدم احترام تلك الجموع الغفيرة لمقابر الموتى تعرضهم الله جميعا بواسع رحمته وأسكنهم فسيح جناته يارب يارب آمين 🤲,triste
"الله يرحمه ويوسع عليه ويجعله من أهل الجنة
اللهم ارزقنا حسن الخاتمة يارب.
 الموت لا يستأذن من أحد اليوم هو وغدا نحن
 اللهم اهدينا الصراط المستقيم اللهم لا تتوفنا الا وانت راض عنا اللهم اغفر لي ولوالدي والمؤمنين والمؤمنات الأحياء منهم و الاموات يارحيم",triste
الله يرحمه ويغفر له ويسكنه فسيح جناته ويلهم أهله الصبر والسلوان,triste
ان لله وان اليه راجعون الله يرحمه ويغفر له ويسكنه فسيح جناته,triste
النساء يتبعن الجنازة ؟!!الله المستعان أين سنة الحبيب عليه الصلاة والسلام ؟والصياح والهتاف ،هذا كله يبين لنا أننا ٱبتعدنا عن سنة الحبيب عليه الصلاة والسلام ويجب علينا الرجوع قبل فوات الأوان,triste
إنا لله وإنا إليه راجعون البقاء لله الله يرحمو ويجعله فى الجنة,triste
الله يرحمه و وسع عليه قبره ويجعل روضة من رياض الجنة يارب امين,triste
حزن الشعب المغربي بأكمله 😭😭😭😭😭,triste
الله يرحمه ويسكنه فسيح جناته يارب,triste
إنا لله وإنا إليه راجعون رحمه الله لكني اتعجب من هذا الكم الهائل من البشر اضن انا في الدار البيضاء لاتوجد كورونا،نحن توفيت امنا ودفنت بدون حتى علمنا وقالوا لك إجراءات كورونا حسبنا الله ونعم الوكيل,triste
إن لله وإنا إليه راجعون الله يرحمه ويسكنه فسيح جنانه ويرحم جميع اموات المسلمين اللهم ثبته عند السؤال,triste
حشومة الناس كلشي كيصوروه بحال شي فيلم دون احترام لقدسية الموت وفي انعدام لاحترام حزن وألم ذويه يجب تجريم ذلك بالقانون واش حنا كلشي نصوروه بلا ما نراعيو اللهم ارحم صلاح الدين الغماري  احب الناس من فلبه فبادله الجميع الحب من القلب والجنازة خير شاهد,triste
شحال بكيت ليوم الله يرحمه ويوسع عليه,triste
الله يرحمو مسكين وصبر ميمتو مسكينة بقا فينا بزاااااااف,triste
"انا لله وانا اليه راجعون 
بقاء لله ؛كل من عليها فان لا يبقى الا وجه ربك ذو الجلال والاكرام
🤲يا رب اجعل قبره روضة من رياض الجنه😢
العظم الله اجركم ف فقيدكم الغالي صلاح الدين الغماري ؛يا رب ارزق والديه الصبر بقدر محبته يا رب هما وابنه وعاءلته وكل من يحبه...وكل المغاربة",triste
إن لله وإنا إليه راجعون .....حسن الخاتمة أحبه الله فبعت من يحبه في قلوب الناس ...نعم الرجولة وجنازة رجل ...تعزية للفقيد من أهل طنجة للعائلة والأصدقاء,triste
"لماذا هذا التزاحم والفوضى والناس بدون أقنعة، الموت يطرح في النفس سكينة وإيمان  وليس هذه الفوضى والصراخ والنواح. من مات كان مسلما والاسلام يحرم هذا السلوك. . زائد التصوير بالتلفونات، لا حول ولا قوة إلا بالله.
إنا لله وإنا إليه راجعون رحمة الله عليه وعلى امواتنا جميعا.",triste
انا لله وانا اليه راجعون الله يرحمه ويغفر له ويسكنه فسيح جناته,triste
"انا لله وان اليه راجعون لله مااعطي ولله مااخذ 
اللهم كن له ونيساا ورفيقا  في قبره وثبته على القول الصالح  االلهم تجاوز عنه خطاياه يارب",triste
"ان لله وان اليه راجعون  اللهم ارحمه رحمة واسعه واجعل قبره روضة من رياض الجنة 
اخوكم من الجزائر",triste
مسكين تيشوف في الصورة  مدا حب الناس له  دون ان يتكلم. .انسان محبوب .الله ارحمنا وارحمه.,triste
"إن لله وإن إليه راجعون 😢
لا اله الا الله محمد رسول الله
الله يرحمو و يسكنه فسيح جناتك ياالله",triste
اللهم اغفر له واجعله من اهل الجنة  يارب😭😭😭😭,triste
"Ache had laghwate, ache had sda3e, ache had lfawda, ache had lhimache. Ou kolchi bgha ysawer men lfou9e ou ydir lbuzz. Hchouma a lmgharba wlh, wssalna wahed daraja khayba bzzf. Waldo meskin tasdem. Lah yarahmo ou safi",triste
"اللهم اجعل قبره روضه من رياض الجنه🤲🏻😢
ضابط برتبة مقدم بالمرور تم إحالته على التقاعد وأصبح بعدها إمام مسجد في منطقته في الأعظمية ببغداد!
في أول خطبة له وقف وقـال:
أيها الناس: جددوا رخصة التوبة.
واربطوا حزام التقوى.
وخففوا سرعة المعاصي.
وتأگدوا من إطارات النية.
ونظفوا ماگينة القلب.
واتبعوا إشارات القرآن.
وسيروا على طريق الدين.
فإن أمامگم نقطة تفتيش شديدة !!
فاحذروا كل الحـذر أن تكون المخالفة كلفتها ""نار جهنم""
ــ",triste
"""إنا لله وإنا إليه راجعون"" اللهم اغفر له وارحمه وعافه واعف عنه ووسع مدخله واكرم نزله وأسكنه الفردوس الأعلى من الجنة. وارزق أهله الصبر والسلوان.",triste
اش هاذ الفوضى طزطز على جنازة,triste
إنا لله وإنا إليه راجعون الله يرحمو,triste
شوفو جنايز اخر زمان مخلطة راجل ومراة ربياستر امة محمد واش هاذا ياك مات موتتة المسلمين  اترحمو عليه وعلاش متزاحمين,triste
الله يرحمه ويوسع عليه يا رب يكون من الجنه ويرحم المسلمين اجمعين والله والله يصبر جزء واولاده وامه واحبابه والله العظيم ابقى في نبذات رجل عظيم كل الشعب المغربي يبكي عليه,triste
Allah yrhamo 🤲🤲wsa3lih wsbar 3aylto lmot dialo sdmtna 😢😭😭,triste
اللهم أجرنا من موت الغفلة ولا تقبض أرواحنا إلا وأنت راض عنا رحم الله أرواحا كان وجودها في الدنيا جميلا تغمد الله الفقيد بواسع رحمته وأسكنه فسيح جنانه وألهم ذويه الصبر والسلوان وإنا لله وإنا إليه راجعون,triste
😭😭😭,triste
الله يرحمه ويغفر له ويسكنه فسيح جناته ويلهم أهله الصبر والسلوان للاسف المرحوم صلاح الدين الغماري رحل عنا في قمة عطائه إستطاع في وقت وجيز أن  يدخل قلوب كل المغاربة بفضل أسلوبه المتميز في توصيل المعلومة بطريقة سلسة,triste
صراحة مازلت لم أصدق موته،رحمك الله أخي صلاح إنا لله وإنا إليه راجعون,triste
الله يرحمه برحمته الواسعة,triste
إنا لله وإنا إليه راجعون ولاحول ولاقوة الا بالله العلي العظيم,triste
رحمك الله يا صلاح 😥😥😥😥😥,triste
شكون لي بحالي كلما نشوف صورته نبكي مقدرتش نصبر الله يرحمو ويجعل متواه الجنه,triste
😭😭😭😭,triste
الله يرحمو ويغفر له ويسكنه فسيح جنانه وآلله العظيم إلا افتقدناه 😭😭😭😭😭,triste
رحم الله الفقيد,triste
😢😢😢😢😢😢😢😢😢😢😢😢😢😢😢😢😢😢😢😢😢😢😢😢😔😔😔😔😔😔😔💔💔💔💔,triste
😢😢😭😢😭حتى ليوم مزلتوا ابكي لانوا فعلنا لن يتكرر صلاح دين اخويا وصديقنا وحس بينا الله يرحمك اااخويا الله يرحمك 😢😭😢😭😢😭😢😭😢😭😢😭😢😭,triste
😭😭😭😭😭😭😭😭😭أحبك,triste
ربي يرحم ويغفر له ويجعل مثواه الجنه امين يارب العالمين  💔💔💔😭😭😭😭,triste
الله يرحمه يارب ويجعل مؤواه الجنة الفردوس الأعلى يارب العالمين 🤲,triste
لحد الساعة ندخل لليوتوب نبكي و نخرج مرضنا كون تشوف معزتك عند الشعب  المغربي يا صلاح صوتك باقي ليا فودنيا الله يرحمك يا خيي,triste
"إنا لله وإنا إليه راجعون 
البقاء لله",triste
لله يرحمو ياربي كان رجال طيب😢😢😢😢😢😢,triste
😭😭😭😭😭,triste
😭😭😭😭😭😢😢,triste
الله يرحمه ويغفر له ويسكنه فسيح جنانه,triste
هدا لبلاد مزال فيها الخير ألا مات صلاح دين  باقين ولادة  صالحين بحالو,triste
انا لله و انا إليه راجعون رحمة الله عليه و على كافة موتى المسلمين و المسلمات.,triste
انا لله وانا اليه راجعون 😪😪😪😪😪😪😭😭😭😭😭😭😭😭😭😭 اللهم اسكنه فسيح الجنان يا رب العرش العظيم اللهم اجعل قبره روضه من رياض الجنة 🤲🤲🤲🤲🤲,triste
شكون قال مغيكونش رمضان الجاي معانا مسكين,triste
آلله يرحمو ويجعل مثواها الجنة يارب العالمين انا لله وانا اليه راجعون البقاء لله لله ماعطى ولله ما أخذ ولاحول و لا قوة الا بالله العلي العظيم,triste
الله يرحمه ويجعل مثواه الجنة وان لله وان اليه راجعون,triste
اللَّهمَّ اغفِرْ له وارحَمْه واعفُ عنه وأكرِمْ منزلَه وأوسِعْ مُدخَلَه واغسِلْه بالماءِ والثَّلجِ والبَردِ ونقِّه مِن الخطايا كما يُنقَّى الثوبُ الأبيضُ مِن الدَّنسِ وأبدِلْه بدارِه دارًا خيرًا مِن دارِه وأهلًا خيرًا مِن أهلِه وزوجةً خيرًا مِن زوجتِه وأدخِلْه الجنَّةَ وأعِذْه مِن النَّارِ ومِن عذابِ القبر.,triste
😭😭😭😭😭😭😭😭😭😭😭,triste
و داعا يا صلاح💔انتهت النشرة الان الى الابد😭,triste
الله يااا خوتي شحااال بكيييييييييييت عليييييه😭😭😭😭😭😭😭😭😭😭😭😭💔💔💔💔💔💔💔💔💔💔💔لاحول ولاقوة الا بالله💔💔💔,triste
الله يرحمو ويسقي قبره من نسيم الجنة ويثبتو على السؤال ويرزق أهله الصبر يارب العالمين 🤲 🤲 🤲 🤲 🤲 🤲 🤲 🤲 🤲 🤲 🤲 🤲 🤲 🤲 🤲 🤲 🤲 🤲😭😭😭😭😭😭😭😭😭😭😭,triste
الله يرحمه ويغفر له ويسكنه فسيح جناته انا لله وانا اليه راجعون رجل محبوب عند جميع المغاربة,triste
😭😭😭🤧,triste
رحمة الله عليك يا صلاح الدين كل التعازي من الجزائر كلنا بكينا فراقك,triste
إنا لله وإنا إليه راجعون الله يرحمو الله يرحمو و يسكنه فسيح جناته,triste
الله يرحمو إنا لله وإنا إليه راجعون والله يجعل متواه الجنة,triste
الله يرحمك ويجعل مثواك الجنة.ماكدبتيش ملي قلتي غانشوفوك بوجه جديد فعلا شفناك  بوجه جديدالوجه اللي من كترت حب المغاربة وبالأخص الضعفاء منهم أحبه خالقهم أجمعين  وأخذه إلى جواره إن لله وإن إليه راجعون إنسان عظيم بحالو ماشي خسارة فالله سبحانه وتعالى ماعمرنا نساوك الله يصبرنا كاملين على فراقك,triste
😭😭😭,triste
yrabi sabra yrabi yrahmo maskin🤲🤲😭😭😭,triste
AllAh yrahmo🤲🤲🤲😭😭😭💔💔💔,triste
😭😭😭😭😭💔💔💔💔💔,triste
الله يرحمه هو عزيز علينا كاملين شخص مؤدب ويعمل بكل جد واخلاص😭,triste
يا ربي وصبرنا عليك  سبحان الله العظيم  بكينا  عليه  بحرقة والله  حتى احنا  كلنا حازنين عليه  الله ارحمك اولدنا صلاح الدين الغماري مادمت  في قلوب المغاربة كاملين  اللى  راك مؤمن ومن أصحاب جنة الفردوس الأعلى  إن شاء الله  مع جميع موتانا وموتى المسلمين يارب ويلحقنا بهم مسلمين مؤمنين غير مفتونين,triste
"Samia simsim
الله يارب على هاد السيد أشنو دار الحب ديالو فينا فراقو حطمنا مصبرناش  على فراقو 
انا يومين هاد دموعي والله منشفو عليه 
كفاش غادة تكون ميمتو الله يصبر ميمتو وزوجتو ولدو  والله يصبرنا كاملين عليه
انشاء الله يبعت مع الشهداء والصدقين يارب 👐 وانا لله وانا اليه راجعون",triste
الله يرحمه ويغفر له ويسكنه فسيح جناته ويلهم أهله وذويه الصبر والسلوان وانا لله وانا اليه راجعون الله أكبر ولا حول ولا قوة الا بالله العلي العظيم,triste
الله يرحمو مسكين . سبحان الله قال انها الرسالة الأخيرة,triste
عمري مابكيت على شي واحد داز فالتلفزة كبحال هاد السيد بقا فيا بزاف وتاثرت بالموت ديالو يحسن عوان ميمتو والأهل ديالو الله يرحمك صلاح الدين الغماري كانت الطيبوبة تغمر وجهك البشوش إنسان جد متواضع,triste
وداعا صلاح الدين الله يرحمك ووسع عليك ذائقة القبور يارب يارب يارب 😭😭😭😭😭😭😭😭😭😭😭😭😭😭😭😭😭😭,triste
انا لله وانا اليه راجعون الله ارحموا وارحم جميع المسلمين 💔💔💔,triste
من فضلكم أزيلو سهرة السبت احتراما لاخينا الغماري نحبك كثيرا صلاح صلاح المجاهد نلقاك في الجنة ان شاء الله ان العين لدمع وان القلب ليحزن وانا لفراقك صلاح لمحزونون وانا لله وانا اليه راجعون البقاء لله,triste
ياربي ترحمو وتصبر اهلو وتصبرنا فعلا كان الأخ والأب في وقت جائحة كرونا حيت أن كل امهاتنا واباءنا ينتظرونه بفارغ الصبر وبفضل نصائحه استطاع اغلب المغاربة تجاوز الحجر وتجاوز اصعب المراحل التي مرت بها بلادنا بسبب وباء كرونا رحمك الله اخي صلاح وانا لله وانا اليه راجعون.,triste
الله يرحمه ويغفر له ويسكنه فسيح جناته فقدنا اكبر عمود من اعمدة الصحافة كان  بنسبة لينا الأخ والأب وصديق والصحافي المناضل,triste
😭😭😭😭😭😭😭😭😭😭😭😭😭😭😭😭😭😭😭😭😭😭😭😭😭😭😭😭😭😭وداعا يا أطيب إنسان وصحفي,triste
انا لله وانا اليه راجعون البقاء لله عزائنا واحد أحسن صحافي في المغرب وكنتمناو من قناة 2m  مديرش سهرات حتى توصل 40 يوم احتراما الاخ والاب روحي صلاح الدين الغماري الله رحمه ورحم جميع المسلمين أجمعين 😭😭😭😭😭😭😭😭😭😭😭😭😭😭😭😭😭😭😭,triste
😭😭😭😭🙏🙏🤲🤲🇲🇦,triste
الله يرحمه ويسكنه فسيح جناته ويلهم أهله الصبر والسلوان وان لله وانا اليه راجعون,triste
الله يرحمو ويجعل متواه الجنة يارب كان انسان طيب وخلوق وخير دليل حب المغاربة له والكم الهائل لي مشى فالجنازة ديالو الله يرحمو يارب بكينا عليه حيت كنعتبروه فرد من العاىلة,triste
الله يرحمو ويغفر ليه يارب 🤲🤲🤲😭😭😭😭هذا دنيا ما فيها أمان ان لله وان اليه راجعون,triste
رحمك الله وجعل قبرك روضه من رياض الجنة.,triste
😢😢😢😢😢😢😢😭😭😭😭😭😭💔,triste
الله يرحمك ووسع عليك يا العزيز على القلوب والله يسنك فسيح جناته افتقداك اختفت منا حقا لا تقدر أن تنساك الذاكرة و القلوب😢😢,triste
"تكوينا في فقدان صلاح الدين الغالي  رحمه الله تعالى برحمته الواسعة 
 وجعل الله له الموت راحة من كل شر.. ونوّر الله قبره ورزقه الله الجنة بغير سابق عداب 
اعزي نفسي والمغاربة واهل فقيدنا .. اعظم الله اجركم وانا لله وانا اليه راجعون",triste
الله ارحمو مسكين,triste
الله يرحمو يا ربي و جعلو من اهل الجنة اول شخص كنبكي عليه بحرقة وانا كنشوفو غي في التلفازة 😭😭😭,triste
الله يرحمو نهار كلو أنا كنبكي تحرقنا عليه ربي يرحمو يوسع ديقة القبور 😭😭😭😭😭😭😭😭😭😭😭,triste
هاد التلميذة كانت مزعوطة مسكينة الله ايصبرها,triste
لا نقول إلا ما يرضي الله..لله ما أعطى ولله ما أخد إنا لله وإنا إليه راجعون 😥😥😥😥,triste
😭😭😭😭😭,triste
الله يرحمه و يسكنه فسيح جناته ويلهم أهله وذويه الصبر والسلوان إنا لله وإنا إليه راجعون,triste
😢😢😢😢😢😢,triste
😭😭😭😭😭😭😭😭😭😭😭🤲🤲🤲🤲🤲🤲🤲🤲🤲🤲🤲🤲🤲🤲🙏🙏🙏🙏🙏🤲🤲🤲🤲🤲🤲🤲🤲🤲🤲🤲🤲🤲🤲🤲🤲🤲,triste
😭😭😭😭😭😭💔💔💔💔,triste
صلاح الدين الغماري لا زلت حيا وستبقى فئ قلوبنا وذاكرتنا رحمك الله ونعم الاعلامي كنتمنى يكون عبرة للاخرين ان ينهجوا طريقه  مات في الجمعة والكل بكى عليه  سبحان الله لله ما اعطى ولله ما اخذ,triste
الله يرحمها روح اللهم ألهم أهله الصبر والسلوان كما نقول :ماشي خسارة ف الله,triste
"صلاح دين الغماري إنا لله وأنا إليه راجعون 
ستبقى في قلوبنا يا فخر لبلاد الله يرحمك ويجعل متواك لجنة والله 2020 اخد منا اعز الناس للأسف😭",triste
😭😭😭😭😭😭الله يرحمه يارب,triste
😭😭😭😭😭😭😭😭,triste
😭😭😭😭,triste
عززعلينا صلاح الدين ولكن دنيا هيا هدي   بقافيا بزاف ولله شعور ديلي انا بقيت تنبكي بزاف,triste
"تبارك الله عليه كان مهلي فراسو فعمره 52 وكيبان مازال شاب الله يرحمه
وبصراحة كنشوف سبب نجاحه هو الدعم ديال الزوجة ديالو كون كانت مغربية متدعموش  المراة المغربية عدوة نجاح الرجل  مكتبغيش الرجل ينجح حيت الرجل المغربي إلى نجح يبدلها",triste
"وكأن كورونا خلقت  ليؤرخ هذا الرجل في قلوب المغاربة 
كم هو جميل أن تموت ويقال عنك : رحل الرجل الطيب 😭
نسأل الله له الرحمة والمغفرة ولمحبيه الصبر والسلوان",triste
الله يرحمه و يصبر أهله,triste
الله ارحمو ووسع عليه دقة لقبور😓😓😓,triste
الله يرحمك يا صلاح الدين الغماري لشاف تعليق ديالي ادعي معاه والله الى تصدمنا 😭,triste
فقت على الخبر وفالغربة وبكيت بزاف بحال مات ليا خويا الله يرحمك ويجعلك من اهل الجنة ياربي انا حامل بولد ان شاء الله نسميه صلاح الدين,triste
"الله يرحمو
تصدمنا بزاف فعلا تعجز الكلمات عن التعبير ، لقد حزنا كتيرا لفقدانك بكينا عليك ومازال ممصدقينش انك رحلت بهده السرعة ولن نراك في التلفاز 😭😭😭😭😭😭😭😭",triste
الله يرحمه يوسع ليه🤲🤲🤲😭😭😭,triste
إن لله وإنا إليه راجعون 😢😢😢,triste
اننا لمحزونون على فراق صحفي وإعلامي  متمكن مثقف خلوق طالما كنا نفتخر بك ولازلنا ابن مدينتي التي انجبت العلماء والأدباء ورواد السلطة الرابعة رحمك الله غادرنا بدون سابق إنذار عيوننا تمطر سماء مكناس حزينة الله يصبر اسرته و يصبرنا كاملين لأنه كان بمثابة فرد من الأسرة,triste
